solid OpenSCAD_Model
  facet normal -1 0 0
    outer loop
      vertex -14 -5 18.1
      vertex -14 -1.44329e-015 0
      vertex -14 -5 1.11022e-015
    endloop
  endfacet
  facet normal -1 0 0
    outer loop
      vertex -14 -1.44329e-015 0
      vertex -14 -5 18.1
      vertex -14 3.66374e-015 23
    endloop
  endfacet
  facet normal -1 0 0
    outer loop
      vertex -14 -5 18.1
      vertex -14 -5 23
      vertex -14 3.66374e-015 23
    endloop
  endfacet
  facet normal -1 0 0
    outer loop
      vertex -14 -8 18.1
      vertex -14 -5 23
      vertex -14 -5 18.1
    endloop
  endfacet
  facet normal -1 -0 0
    outer loop
      vertex -14 -5 23
      vertex -14 -8 18.1
      vertex -14 -8 23
    endloop
  endfacet
  facet normal 0 0 -1
    outer loop
      vertex -1.17971 -11.889 18.1
      vertex -5.43074 -10.8121 18.1
      vertex -5.4 -10.5 18.1
    endloop
  endfacet
  facet normal 0 0 -1
    outer loop
      vertex -3.11101 -13.8203 18.1
      vertex -5.52179 -11.1123 18.1
      vertex -5.43074 -10.8121 18.1
    endloop
  endfacet
  facet normal 0 0 -1
    outer loop
      vertex -6.11109 -11.8304 18.1
      vertex -4.32122 -14.4672 18.1
      vertex -5.63437 -14.8655 18.1
    endloop
  endfacet
  facet normal 0 0 -1
    outer loop
      vertex -3.11101 -13.8203 18.1
      vertex -5.66965 -11.3889 18.1
      vertex -5.52179 -11.1123 18.1
    endloop
  endfacet
  facet normal 0 0 -1
    outer loop
      vertex -3.11101 -13.8203 18.1
      vertex -5.86863 -11.6314 18.1
      vertex -5.66965 -11.3889 18.1
    endloop
  endfacet
  facet normal 0 0 -1
    outer loop
      vertex -4.32122 -14.4672 18.1
      vertex -6.11109 -11.8304 18.1
      vertex -5.86863 -11.6314 18.1
    endloop
  endfacet
  facet normal 0 0 -1
    outer loop
      vertex -5.63437 -14.8655 18.1
      vertex -6.38771 -11.9782 18.1
      vertex -6.11109 -11.8304 18.1
    endloop
  endfacet
  facet normal 0 0 -1
    outer loop
      vertex -5.63437 -14.8655 18.1
      vertex -6.68786 -12.0693 18.1
      vertex -6.38771 -11.9782 18.1
    endloop
  endfacet
  facet normal 0 0 -1
    outer loop
      vertex -7 -15 18.1
      vertex -6.68786 -12.0693 18.1
      vertex -5.63437 -14.8655 18.1
    endloop
  endfacet
  facet normal 0 0 -1
    outer loop
      vertex -7 -15 18.1
      vertex -7 -12.1 18.1
      vertex -6.68786 -12.0693 18.1
    endloop
  endfacet
  facet normal 0 0 -1
    outer loop
      vertex -7 -15 18.1
      vertex -7.31214 -12.0693 18.1
      vertex -7 -12.1 18.1
    endloop
  endfacet
  facet normal 0 0 -1
    outer loop
      vertex -8.36563 -14.8655 18.1
      vertex -7.31214 -12.0693 18.1
      vertex -7 -15 18.1
    endloop
  endfacet
  facet normal -0 0 -1
    outer loop
      vertex -7.31214 -12.0693 18.1
      vertex -8.36563 -14.8655 18.1
      vertex -7.61229 -11.9782 18.1
    endloop
  endfacet
  facet normal -0 0 -1
    outer loop
      vertex -7.61229 -11.9782 18.1
      vertex -8.36563 -14.8655 18.1
      vertex -7.88891 -11.8304 18.1
    endloop
  endfacet
  facet normal 0 0 -1
    outer loop
      vertex -9.67878 -14.4672 18.1
      vertex -7.88891 -11.8304 18.1
      vertex -8.36563 -14.8655 18.1
    endloop
  endfacet
  facet normal -0 0 -1
    outer loop
      vertex -7.88891 -11.8304 18.1
      vertex -9.67878 -14.4672 18.1
      vertex -8.13137 -11.6314 18.1
    endloop
  endfacet
  facet normal 0 0 -1
    outer loop
      vertex -10.889 -13.8203 18.1
      vertex -8.13137 -11.6314 18.1
      vertex -9.67878 -14.4672 18.1
    endloop
  endfacet
  facet normal -0 0 -1
    outer loop
      vertex -8.13137 -11.6314 18.1
      vertex -10.889 -13.8203 18.1
      vertex -8.33035 -11.3889 18.1
    endloop
  endfacet
  facet normal -0 0 -1
    outer loop
      vertex -8.33035 -11.3889 18.1
      vertex -10.889 -13.8203 18.1
      vertex -8.47821 -11.1123 18.1
    endloop
  endfacet
  facet normal 0 0 -1
    outer loop
      vertex -11.9497 -12.9497 18.1
      vertex -8.47821 -11.1123 18.1
      vertex -10.889 -13.8203 18.1
    endloop
  endfacet
  facet normal 1.36654e-007 -1.41014e-006 -1
    outer loop
      vertex -5.52179 -9.88771 18.1
      vertex 0 -8 18.1
      vertex -0.134502 -9.36563 18.1
    endloop
  endfacet
  facet normal 0 0 -1
    outer loop
      vertex -5.52179 -9.88771 18.1
      vertex -0.134502 -9.36563 18.1
      vertex -0.532843 -10.6788 18.1
    endloop
  endfacet
  facet normal 0 0 -1
    outer loop
      vertex -5.4 -10.5 18.1
      vertex -0.532843 -10.6788 18.1
      vertex -1.17971 -11.889 18.1
    endloop
  endfacet
  facet normal 0 0 -1
    outer loop
      vertex -5.43074 -10.8121 18.1
      vertex -1.17971 -11.889 18.1
      vertex -2.05025 -12.9497 18.1
    endloop
  endfacet
  facet normal 0 0 -1
    outer loop
      vertex -5.43074 -10.8121 18.1
      vertex -2.05025 -12.9497 18.1
      vertex -3.11101 -13.8203 18.1
    endloop
  endfacet
  facet normal 0 0 -1
    outer loop
      vertex -5.86863 -11.6314 18.1
      vertex -3.11101 -13.8203 18.1
      vertex -4.32122 -14.4672 18.1
    endloop
  endfacet
  facet normal 0 0 -1
    outer loop
      vertex -0.532843 -10.6788 18.1
      vertex -5.4 -10.5 18.1
      vertex -5.43074 -10.1879 18.1
    endloop
  endfacet
  facet normal 0 0 -1
    outer loop
      vertex -0.532843 -10.6788 18.1
      vertex -5.43074 -10.1879 18.1
      vertex -5.52179 -9.88771 18.1
    endloop
  endfacet
  facet normal -2.92055e-007 -1.56106e-007 -1
    outer loop
      vertex 0 -8 18.1
      vertex -5.52179 -9.88771 18.1
      vertex -5.66965 -9.61109 18.1
    endloop
  endfacet
  facet normal -2.72797e-007 -2.23878e-007 -1
    outer loop
      vertex 0 -8 18.1
      vertex -5.66965 -9.61109 18.1
      vertex -5.86863 -9.36863 18.1
    endloop
  endfacet
  facet normal -3.25008e-007 0 -1
    outer loop
      vertex 0 -8 18.1
      vertex -5.86863 -9.36863 18.1
      vertex 0 -5 18.1
    endloop
  endfacet
  facet normal -1.70423e-007 -2.07662e-007 -1
    outer loop
      vertex -6.11109 -9.16965 18.1
      vertex 0 -5 18.1
      vertex -5.86863 -9.36863 18.1
    endloop
  endfacet
  facet normal -1.37101e-007 -2.56499e-007 -1
    outer loop
      vertex -6.38771 -9.02179 18.1
      vertex 0 -5 18.1
      vertex -6.11109 -9.16965 18.1
    endloop
  endfacet
  facet normal -9.70869e-008 -3.20053e-007 -1
    outer loop
      vertex -6.68786 -8.93074 18.1
      vertex 0 -5 18.1
      vertex -6.38771 -9.02179 18.1
    endloop
  endfacet
  facet normal -4.09326e-008 -4.15595e-007 -1
    outer loop
      vertex -7 -8.9 18.1
      vertex 0 -5 18.1
      vertex -6.68786 -8.93074 18.1
    endloop
  endfacet
  facet normal 4.09326e-008 -4.15595e-007 -1
    outer loop
      vertex -14 -5 18.1
      vertex -7 -8.9 18.1
      vertex -7.31214 -8.93074 18.1
    endloop
  endfacet
  facet normal 9.70869e-008 -3.20053e-007 -1
    outer loop
      vertex -14 -5 18.1
      vertex -7.31214 -8.93074 18.1
      vertex -7.61229 -9.02179 18.1
    endloop
  endfacet
  facet normal -0 0 -1
    outer loop
      vertex -8.47821 -11.1123 18.1
      vertex -11.9497 -12.9497 18.1
      vertex -8.56926 -10.8121 18.1
    endloop
  endfacet
  facet normal 0 0 -1
    outer loop
      vertex -12.8203 -11.889 18.1
      vertex -8.56926 -10.8121 18.1
      vertex -11.9497 -12.9497 18.1
    endloop
  endfacet
  facet normal -0 0 -1
    outer loop
      vertex -8.56926 -10.8121 18.1
      vertex -12.8203 -11.889 18.1
      vertex -8.6 -10.5 18.1
    endloop
  endfacet
  facet normal 0 0 -1
    outer loop
      vertex -13.4672 -10.6788 18.1
      vertex -8.6 -10.5 18.1
      vertex -12.8203 -11.889 18.1
    endloop
  endfacet
  facet normal -0 0 -1
    outer loop
      vertex -8.6 -10.5 18.1
      vertex -13.4672 -10.6788 18.1
      vertex -8.56926 -10.1879 18.1
    endloop
  endfacet
  facet normal -0 0 -1
    outer loop
      vertex -8.56926 -10.1879 18.1
      vertex -13.4672 -10.6788 18.1
      vertex -8.47821 -9.88771 18.1
    endloop
  endfacet
  facet normal 0 0 -1
    outer loop
      vertex -13.8655 -9.36563 18.1
      vertex -8.47821 -9.88771 18.1
      vertex -13.4672 -10.6788 18.1
    endloop
  endfacet
  facet normal -1.36654e-007 -1.41014e-006 -1
    outer loop
      vertex -14 -8 18.1
      vertex -8.47821 -9.88771 18.1
      vertex -13.8655 -9.36563 18.1
    endloop
  endfacet
  facet normal 2.92055e-007 -1.56106e-007 -1
    outer loop
      vertex -8.47821 -9.88771 18.1
      vertex -14 -8 18.1
      vertex -8.33035 -9.61109 18.1
    endloop
  endfacet
  facet normal 2.72797e-007 -2.23878e-007 -1
    outer loop
      vertex -8.33035 -9.61109 18.1
      vertex -14 -8 18.1
      vertex -8.13137 -9.36863 18.1
    endloop
  endfacet
  facet normal 3.25008e-007 0 -1
    outer loop
      vertex -14 -5 18.1
      vertex -8.13137 -9.36863 18.1
      vertex -14 -8 18.1
    endloop
  endfacet
  facet normal 1.70423e-007 -2.07662e-007 -1
    outer loop
      vertex -8.13137 -9.36863 18.1
      vertex -14 -5 18.1
      vertex -7.88891 -9.16965 18.1
    endloop
  endfacet
  facet normal 1.37101e-007 -2.56499e-007 -1
    outer loop
      vertex -7.88891 -9.16965 18.1
      vertex -14 -5 18.1
      vertex -7.61229 -9.02179 18.1
    endloop
  endfacet
  facet normal 0 -4.89064e-007 -1
    outer loop
      vertex -7 -8.9 18.1
      vertex -14 -5 18.1
      vertex 0 -5 18.1
    endloop
  endfacet
  facet normal 1 -0 0
    outer loop
      vertex 0 -8 23
      vertex 0 -5 18.1
      vertex 0 -5 23
    endloop
  endfacet
  facet normal 1 0 0
    outer loop
      vertex 0 -5 18.1
      vertex 0 -8 23
      vertex 0 -8 18.1
    endloop
  endfacet
  facet normal 1 0 0
    outer loop
      vertex 0 -5 18.1
      vertex 0 3.66374e-015 23
      vertex 0 -5 23
    endloop
  endfacet
  facet normal 1 0 0
    outer loop
      vertex 0 3.66374e-015 23
      vertex 0 -5 18.1
      vertex 0 2.22045e-015 16.5
    endloop
  endfacet
  facet normal 1 0 0
    outer loop
      vertex 0 2.22045e-015 16.5
      vertex 0 -5 18.1
      vertex 0 -5 16.5
    endloop
  endfacet
  facet normal -0 0 1
    outer loop
      vertex -0.704536 -5 23
      vertex 0 -8 23
      vertex 0 -5 23
    endloop
  endfacet
  facet normal -0 0 1
    outer loop
      vertex -5.38729 -7.7067 23
      vertex 0 -8 23
      vertex -0.704536 -5 23
    endloop
  endfacet
  facet normal 0 -0 1
    outer loop
      vertex -3.77457 -10.5 23
      vertex 0 -8 23
      vertex -5.38729 -7.7067 23
    endloop
  endfacet
  facet normal 0 0 1
    outer loop
      vertex -5.38729 -7.7067 23
      vertex -0.704536 -5 23
      vertex -1.17971 -4.11101 23
    endloop
  endfacet
  facet normal 0 0 1
    outer loop
      vertex 0 -8 23
      vertex -3.77457 -10.5 23
      vertex -0.134502 -9.36563 23
    endloop
  endfacet
  facet normal 0 0 1
    outer loop
      vertex -5.38729 -7.7067 23
      vertex -1.17971 -4.11101 23
      vertex -2.05025 -3.05025 23
    endloop
  endfacet
  facet normal 0 0 1
    outer loop
      vertex -0.532843 -10.6788 23
      vertex -3.77457 -10.5 23
      vertex -1.17971 -11.889 23
    endloop
  endfacet
  facet normal 0 0 1
    outer loop
      vertex -5.38729 -7.7067 23
      vertex -2.05025 -3.05025 23
      vertex -3.11101 -2.17971 23
    endloop
  endfacet
  facet normal 0 0 1
    outer loop
      vertex -1.17971 -11.889 23
      vertex -3.77457 -10.5 23
      vertex -2.05025 -12.9497 23
    endloop
  endfacet
  facet normal 0 0 1
    outer loop
      vertex -2.05025 -12.9497 23
      vertex -3.77457 -10.5 23
      vertex -3.11101 -13.8203 23
    endloop
  endfacet
  facet normal 0 0 1
    outer loop
      vertex -5.38729 -7.7067 23
      vertex -3.11101 -2.17971 23
      vertex -4.32122 -1.53284 23
    endloop
  endfacet
  facet normal 0 0 1
    outer loop
      vertex -0.134502 -9.36563 23
      vertex -3.77457 -10.5 23
      vertex -0.532843 -10.6788 23
    endloop
  endfacet
  facet normal 0 0 1
    outer loop
      vertex -5.63437 -1.1345 23
      vertex -5.38729 -7.7067 23
      vertex -4.32122 -1.53284 23
    endloop
  endfacet
  facet normal 0 0 1
    outer loop
      vertex -7 -1 23
      vertex -5.38729 -7.7067 23
      vertex -5.63437 -1.1345 23
    endloop
  endfacet
  facet normal 0 0 1
    outer loop
      vertex -8.61271 -7.7067 23
      vertex -7 -1 23
      vertex -8.36563 -1.1345 23
    endloop
  endfacet
  facet normal 0 0 1
    outer loop
      vertex -7 -1 23
      vertex -8.61271 -7.7067 23
      vertex -5.38729 -7.7067 23
    endloop
  endfacet
  facet normal -0 0 1
    outer loop
      vertex -9.67878 -1.53284 23
      vertex -8.61271 -7.7067 23
      vertex -8.36563 -1.1345 23
    endloop
  endfacet
  facet normal -0 0 1
    outer loop
      vertex -10.889 -2.17971 23
      vertex -8.61271 -7.7067 23
      vertex -9.67878 -1.53284 23
    endloop
  endfacet
  facet normal -0 0 1
    outer loop
      vertex -11.9497 -3.05025 23
      vertex -8.61271 -7.7067 23
      vertex -10.889 -2.17971 23
    endloop
  endfacet
  facet normal -0 0 1
    outer loop
      vertex -5.38729 -13.2933 23
      vertex -3.11101 -13.8203 23
      vertex -3.77457 -10.5 23
    endloop
  endfacet
  facet normal 0 0 1
    outer loop
      vertex -3.11101 -13.8203 23
      vertex -5.38729 -13.2933 23
      vertex -4.32122 -14.4672 23
    endloop
  endfacet
  facet normal 0 0 1
    outer loop
      vertex -5.38729 -13.2933 23
      vertex -5.63437 -14.8655 23
      vertex -4.32122 -14.4672 23
    endloop
  endfacet
  facet normal 0 0 1
    outer loop
      vertex -5.38729 -13.2933 23
      vertex -7 -15 23
      vertex -5.63437 -14.8655 23
    endloop
  endfacet
  facet normal -0 0 1
    outer loop
      vertex -8.61271 -13.2933 23
      vertex -7 -15 23
      vertex -5.38729 -13.2933 23
    endloop
  endfacet
  facet normal 0 0 1
    outer loop
      vertex -7 -15 23
      vertex -8.61271 -13.2933 23
      vertex -8.36563 -14.8655 23
    endloop
  endfacet
  facet normal 0 0 1
    outer loop
      vertex -8.61271 -13.2933 23
      vertex -9.67878 -14.4672 23
      vertex -8.36563 -14.8655 23
    endloop
  endfacet
  facet normal 0 0 1
    outer loop
      vertex -10.889 -13.8203 23
      vertex -8.61271 -13.2933 23
      vertex -10.2254 -10.5 23
    endloop
  endfacet
  facet normal 0 0 1
    outer loop
      vertex -8.61271 -13.2933 23
      vertex -10.889 -13.8203 23
      vertex -9.67878 -14.4672 23
    endloop
  endfacet
  facet normal -0 0 1
    outer loop
      vertex -12.8203 -4.11101 23
      vertex -8.61271 -7.7067 23
      vertex -11.9497 -3.05025 23
    endloop
  endfacet
  facet normal -0 0 1
    outer loop
      vertex -13.2955 -5 23
      vertex -8.61271 -7.7067 23
      vertex -12.8203 -4.11101 23
    endloop
  endfacet
  facet normal 0 0 1
    outer loop
      vertex -8.61271 -7.7067 23
      vertex -14 -8 23
      vertex -10.2254 -10.5 23
    endloop
  endfacet
  facet normal 0 0 1
    outer loop
      vertex -14 -8 23
      vertex -8.61271 -7.7067 23
      vertex -13.2955 -5 23
    endloop
  endfacet
  facet normal 0 0 1
    outer loop
      vertex -10.2254 -10.5 23
      vertex -11.9497 -12.9497 23
      vertex -10.889 -13.8203 23
    endloop
  endfacet
  facet normal 0 0 1
    outer loop
      vertex -10.2254 -10.5 23
      vertex -12.8203 -11.889 23
      vertex -11.9497 -12.9497 23
    endloop
  endfacet
  facet normal 0 0 1
    outer loop
      vertex -10.2254 -10.5 23
      vertex -13.4672 -10.6788 23
      vertex -12.8203 -11.889 23
    endloop
  endfacet
  facet normal 0 0 1
    outer loop
      vertex -10.2254 -10.5 23
      vertex -13.8655 -9.36563 23
      vertex -13.4672 -10.6788 23
    endloop
  endfacet
  facet normal 0 0 1
    outer loop
      vertex -14 -8 23
      vertex -13.2955 -5 23
      vertex -14 -5 23
    endloop
  endfacet
  facet normal 0 0 1
    outer loop
      vertex -10.2254 -10.5 23
      vertex -14 -8 23
      vertex -13.8655 -9.36563 23
    endloop
  endfacet
  facet normal 0.995185 -0.0980167 0
    outer loop
      vertex -0.134502 -9.36563 23
      vertex 0 -8 18.1
      vertex 0 -8 23
    endloop
  endfacet
  facet normal 0.995185 -0.0980167 0
    outer loop
      vertex 0 -8 18.1
      vertex -0.134502 -9.36563 23
      vertex -0.134502 -9.36563 18.1
    endloop
  endfacet
  facet normal -0.995185 -0.0980174 0
    outer loop
      vertex -13.8655 -9.36563 18.1
      vertex -14 -8 23
      vertex -14 -8 18.1
    endloop
  endfacet
  facet normal -0.995185 -0.0980174 0
    outer loop
      vertex -14 -8 23
      vertex -13.8655 -9.36563 18.1
      vertex -13.8655 -9.36563 23
    endloop
  endfacet
  facet normal 0.0980173 -0.995185 0
    outer loop
      vertex -7 -15 18.1
      vertex -5.63437 -14.8655 23
      vertex -7 -15 23
    endloop
  endfacet
  facet normal 0.0980173 -0.995185 0
    outer loop
      vertex -5.63437 -14.8655 23
      vertex -7 -15 18.1
      vertex -5.63437 -14.8655 18.1
    endloop
  endfacet
  facet normal 0.77301 -0.634393 0
    outer loop
      vertex -2.05025 -12.9497 23
      vertex -1.17971 -11.889 18.1
      vertex -1.17971 -11.889 23
    endloop
  endfacet
  facet normal 0.77301 -0.634393 0
    outer loop
      vertex -1.17971 -11.889 18.1
      vertex -2.05025 -12.9497 23
      vertex -2.05025 -12.9497 18.1
    endloop
  endfacet
  facet normal -0.634393 -0.77301 0
    outer loop
      vertex -11.9497 -12.9497 18.1
      vertex -10.889 -13.8203 23
      vertex -11.9497 -12.9497 23
    endloop
  endfacet
  facet normal -0.634393 -0.77301 -0
    outer loop
      vertex -10.889 -13.8203 23
      vertex -11.9497 -12.9497 18.1
      vertex -10.889 -13.8203 18.1
    endloop
  endfacet
  facet normal -0.290285 -0.95694 0
    outer loop
      vertex -9.67878 -14.4672 18.1
      vertex -8.36563 -14.8655 23
      vertex -9.67878 -14.4672 23
    endloop
  endfacet
  facet normal -0.290285 -0.95694 -0
    outer loop
      vertex -8.36563 -14.8655 23
      vertex -9.67878 -14.4672 18.1
      vertex -8.36563 -14.8655 18.1
    endloop
  endfacet
  facet normal 0.881921 -0.471397 0
    outer loop
      vertex -1.17971 -11.889 23
      vertex -0.532843 -10.6788 18.1
      vertex -0.532843 -10.6788 23
    endloop
  endfacet
  facet normal 0.881921 -0.471397 0
    outer loop
      vertex -0.532843 -10.6788 18.1
      vertex -1.17971 -11.889 23
      vertex -1.17971 -11.889 18.1
    endloop
  endfacet
  facet normal 0.95694 -0.290285 0
    outer loop
      vertex -0.532843 -10.6788 23
      vertex -0.134502 -9.36563 18.1
      vertex -0.134502 -9.36563 23
    endloop
  endfacet
  facet normal 0.95694 -0.290285 0
    outer loop
      vertex -0.134502 -9.36563 18.1
      vertex -0.532843 -10.6788 23
      vertex -0.532843 -10.6788 18.1
    endloop
  endfacet
  facet normal 0.471397 -0.881921 0
    outer loop
      vertex -4.32122 -14.4672 18.1
      vertex -3.11101 -13.8203 23
      vertex -4.32122 -14.4672 23
    endloop
  endfacet
  facet normal 0.471397 -0.881921 0
    outer loop
      vertex -3.11101 -13.8203 23
      vertex -4.32122 -14.4672 18.1
      vertex -3.11101 -13.8203 18.1
    endloop
  endfacet
  facet normal 0.290285 -0.95694 0
    outer loop
      vertex -5.63437 -14.8655 18.1
      vertex -4.32122 -14.4672 23
      vertex -5.63437 -14.8655 23
    endloop
  endfacet
  facet normal 0.290285 -0.95694 0
    outer loop
      vertex -4.32122 -14.4672 23
      vertex -5.63437 -14.8655 18.1
      vertex -4.32122 -14.4672 18.1
    endloop
  endfacet
  facet normal 0.634393 -0.77301 0
    outer loop
      vertex -3.11101 -13.8203 18.1
      vertex -2.05025 -12.9497 23
      vertex -3.11101 -13.8203 23
    endloop
  endfacet
  facet normal 0.634393 -0.77301 0
    outer loop
      vertex -2.05025 -12.9497 23
      vertex -3.11101 -13.8203 18.1
      vertex -2.05025 -12.9497 18.1
    endloop
  endfacet
  facet normal -0.881921 -0.471397 0
    outer loop
      vertex -12.8203 -11.889 18.1
      vertex -13.4672 -10.6788 23
      vertex -13.4672 -10.6788 18.1
    endloop
  endfacet
  facet normal -0.881921 -0.471397 0
    outer loop
      vertex -13.4672 -10.6788 23
      vertex -12.8203 -11.889 18.1
      vertex -12.8203 -11.889 23
    endloop
  endfacet
  facet normal -0.77301 -0.634393 0
    outer loop
      vertex -11.9497 -12.9497 18.1
      vertex -12.8203 -11.889 23
      vertex -12.8203 -11.889 18.1
    endloop
  endfacet
  facet normal -0.77301 -0.634393 0
    outer loop
      vertex -12.8203 -11.889 23
      vertex -11.9497 -12.9497 18.1
      vertex -11.9497 -12.9497 23
    endloop
  endfacet
  facet normal -0.95694 -0.290285 0
    outer loop
      vertex -13.4672 -10.6788 18.1
      vertex -13.8655 -9.36563 23
      vertex -13.8655 -9.36563 18.1
    endloop
  endfacet
  facet normal -0.95694 -0.290285 0
    outer loop
      vertex -13.8655 -9.36563 23
      vertex -13.4672 -10.6788 18.1
      vertex -13.4672 -10.6788 23
    endloop
  endfacet
  facet normal -0.471397 -0.881921 0
    outer loop
      vertex -10.889 -13.8203 18.1
      vertex -9.67878 -14.4672 23
      vertex -10.889 -13.8203 23
    endloop
  endfacet
  facet normal -0.471397 -0.881921 -0
    outer loop
      vertex -9.67878 -14.4672 23
      vertex -10.889 -13.8203 18.1
      vertex -9.67878 -14.4672 18.1
    endloop
  endfacet
  facet normal -0.0980174 -0.995185 0
    outer loop
      vertex -8.36563 -14.8655 18.1
      vertex -7 -15 23
      vertex -8.36563 -14.8655 23
    endloop
  endfacet
  facet normal -0.0980174 -0.995185 -0
    outer loop
      vertex -7 -15 23
      vertex -8.36563 -14.8655 18.1
      vertex -7 -15 18.1
    endloop
  endfacet
  facet normal -1 0 0
    outer loop
      vertex -14 -8 3.55271e-015
      vertex -14 -5 4.9
      vertex -14 -5 2.22045e-015
    endloop
  endfacet
  facet normal -1 -0 0
    outer loop
      vertex -14 -5 4.9
      vertex -14 -8 3.55271e-015
      vertex -14 -8 4.9
    endloop
  endfacet
  facet normal 0 -4.44089e-016 -1
    outer loop
      vertex -7 -15 6.66134e-015
      vertex -7.31214 -12.0693 5.35983e-015
      vertex -7 -12.1 5.37348e-015
    endloop
  endfacet
  facet normal 0 -4.44089e-016 -1
    outer loop
      vertex -8.36563 -14.8655 6.60161e-015
      vertex -7.31214 -12.0693 5.35983e-015
      vertex -7 -15 6.66134e-015
    endloop
  endfacet
  facet normal 0 -4.44089e-016 -1
    outer loop
      vertex -7.31214 -12.0693 5.35983e-015
      vertex -8.36563 -14.8655 6.60161e-015
      vertex -7.61229 -11.9782 5.31939e-015
    endloop
  endfacet
  facet normal 0 -4.44089e-016 -1
    outer loop
      vertex -7.61229 -11.9782 5.31939e-015
      vertex -8.36563 -14.8655 6.60161e-015
      vertex -7.88891 -11.8304 5.25373e-015
    endloop
  endfacet
  facet normal 0 -4.44089e-016 -1
    outer loop
      vertex -9.67878 -14.4672 6.42471e-015
      vertex -7.88891 -11.8304 5.25373e-015
      vertex -8.36563 -14.8655 6.60161e-015
    endloop
  endfacet
  facet normal 0 -4.44089e-016 -1
    outer loop
      vertex -7.88891 -11.8304 5.25373e-015
      vertex -9.67878 -14.4672 6.42471e-015
      vertex -8.13137 -11.6314 5.16537e-015
    endloop
  endfacet
  facet normal 0 -4.44089e-016 -1
    outer loop
      vertex -10.889 -13.8203 6.13744e-015
      vertex -8.13137 -11.6314 5.16537e-015
      vertex -9.67878 -14.4672 6.42471e-015
    endloop
  endfacet
  facet normal 0 -4.44089e-016 -1
    outer loop
      vertex -8.13137 -11.6314 5.16537e-015
      vertex -10.889 -13.8203 6.13744e-015
      vertex -8.33035 -11.3889 5.05769e-015
    endloop
  endfacet
  facet normal 0 -4.44089e-016 -1
    outer loop
      vertex -8.33035 -11.3889 5.05769e-015
      vertex -10.889 -13.8203 6.13744e-015
      vertex -8.47821 -11.1123 4.93485e-015
    endloop
  endfacet
  facet normal 0 -4.44089e-016 -1
    outer loop
      vertex -11.9497 -12.9497 5.75084e-015
      vertex -8.47821 -11.1123 4.93485e-015
      vertex -10.889 -13.8203 6.13744e-015
    endloop
  endfacet
  facet normal 0 -4.44089e-016 -1
    outer loop
      vertex -7.31214 -8.93074 3.96605e-015
      vertex -7 -5 2.22045e-015
      vertex -7 -8.9 3.95239e-015
    endloop
  endfacet
  facet normal 0 -4.44089e-016 -1
    outer loop
      vertex -7.61229 -9.02179 4.00648e-015
      vertex -7 -5 2.22045e-015
      vertex -7.31214 -8.93074 3.96605e-015
    endloop
  endfacet
  facet normal 0 -4.44089e-016 -1
    outer loop
      vertex -7.88891 -9.16965 4.07214e-015
      vertex -7 -5 2.22045e-015
      vertex -7.61229 -9.02179 4.00648e-015
    endloop
  endfacet
  facet normal 0 -4.44089e-016 -1
    outer loop
      vertex -13.2955 -5 2.22045e-015
      vertex -7.88891 -9.16965 4.07214e-015
      vertex -8.13137 -9.36863 4.16051e-015
    endloop
  endfacet
  facet normal 0 -4.44089e-016 -1
    outer loop
      vertex -14 -8 3.55271e-015
      vertex -8.13137 -9.36863 4.16051e-015
      vertex -8.33035 -9.61109 4.26818e-015
    endloop
  endfacet
  facet normal 0 -4.44089e-016 -1
    outer loop
      vertex -14 -8 3.55271e-015
      vertex -8.33035 -9.61109 4.26818e-015
      vertex -8.47821 -9.88771 4.39102e-015
    endloop
  endfacet
  facet normal 0 -4.44089e-016 -1
    outer loop
      vertex -13.8655 -9.36563 4.15918e-015
      vertex -8.47821 -9.88771 4.39102e-015
      vertex -8.56926 -10.1879 4.52432e-015
    endloop
  endfacet
  facet normal 0 -4.44089e-016 -1
    outer loop
      vertex -8.47821 -11.1123 4.93485e-015
      vertex -11.9497 -12.9497 5.75084e-015
      vertex -8.56926 -10.8121 4.80156e-015
    endloop
  endfacet
  facet normal 0 -4.44089e-016 -1
    outer loop
      vertex -12.8203 -11.889 5.27977e-015
      vertex -8.56926 -10.8121 4.80156e-015
      vertex -11.9497 -12.9497 5.75084e-015
    endloop
  endfacet
  facet normal 0 -4.44089e-016 -1
    outer loop
      vertex -8.56926 -10.8121 4.80156e-015
      vertex -12.8203 -11.889 5.27977e-015
      vertex -8.6 -10.5 4.66294e-015
    endloop
  endfacet
  facet normal 0 -4.44089e-016 -1
    outer loop
      vertex -13.4672 -10.6788 4.74233e-015
      vertex -8.6 -10.5 4.66294e-015
      vertex -12.8203 -11.889 5.27977e-015
    endloop
  endfacet
  facet normal 0 -4.44089e-016 -1
    outer loop
      vertex -8.6 -10.5 4.66294e-015
      vertex -13.4672 -10.6788 4.74233e-015
      vertex -8.56926 -10.1879 4.52432e-015
    endloop
  endfacet
  facet normal 0 -4.44089e-016 -1
    outer loop
      vertex -13.8655 -9.36563 4.15918e-015
      vertex -8.56926 -10.1879 4.52432e-015
      vertex -13.4672 -10.6788 4.74233e-015
    endloop
  endfacet
  facet normal 0 -4.44089e-016 -1
    outer loop
      vertex -8.47821 -9.88771 4.39102e-015
      vertex -13.8655 -9.36563 4.15918e-015
      vertex -14 -8 3.55271e-015
    endloop
  endfacet
  facet normal 0 -4.44089e-016 -1
    outer loop
      vertex -8.13137 -9.36863 4.16051e-015
      vertex -14 -8 3.55271e-015
      vertex -13.2955 -5 2.22045e-015
    endloop
  endfacet
  facet normal 0 -4.44089e-016 -1
    outer loop
      vertex -7.88891 -9.16965 4.07214e-015
      vertex -13.2955 -5 2.22045e-015
      vertex -7 -5 2.22045e-015
    endloop
  endfacet
  facet normal -0 -4.44089e-016 -1
    outer loop
      vertex -13.2955 -5 2.22045e-015
      vertex -14 -8 3.55271e-015
      vertex -14 -5 2.22045e-015
    endloop
  endfacet
  facet normal -0 0 1
    outer loop
      vertex -0.704536 -5 4.9
      vertex 0 -8 4.9
      vertex 0 -5 4.9
    endloop
  endfacet
  facet normal 0 0 1
    outer loop
      vertex -5.86863 -9.36863 4.9
      vertex 0 -8 4.9
      vertex -0.704536 -5 4.9
    endloop
  endfacet
  facet normal 0 -0 1
    outer loop
      vertex -5.52179 -9.88771 4.9
      vertex 0 -8 4.9
      vertex -5.66965 -9.61109 4.9
    endloop
  endfacet
  facet normal 0 0 1
    outer loop
      vertex 0 -8 4.9
      vertex -5.52179 -9.88771 4.9
      vertex -0.134502 -9.36563 4.9
    endloop
  endfacet
  facet normal -0 -0 1
    outer loop
      vertex -5.43074 -10.1879 4.9
      vertex -0.532843 -10.6788 4.9
      vertex -5.52179 -9.88771 4.9
    endloop
  endfacet
  facet normal 0 0 1
    outer loop
      vertex -0.532843 -10.6788 4.9
      vertex -5.4 -10.5 4.9
      vertex -1.17971 -11.889 4.9
    endloop
  endfacet
  facet normal -0 0 1
    outer loop
      vertex -5.43074 -10.8121 4.9
      vertex -1.17971 -11.889 4.9
      vertex -5.4 -10.5 4.9
    endloop
  endfacet
  facet normal -0 0 1
    outer loop
      vertex -5.52179 -11.1123 4.9
      vertex -2.05025 -12.9497 4.9
      vertex -5.43074 -10.8121 4.9
    endloop
  endfacet
  facet normal 0 0 1
    outer loop
      vertex -1.17971 -11.889 4.9
      vertex -5.43074 -10.8121 4.9
      vertex -2.05025 -12.9497 4.9
    endloop
  endfacet
  facet normal -0 -0 1
    outer loop
      vertex -5.4 -10.5 4.9
      vertex -0.532843 -10.6788 4.9
      vertex -5.43074 -10.1879 4.9
    endloop
  endfacet
  facet normal 0 0 1
    outer loop
      vertex -0.134502 -9.36563 4.9
      vertex -5.52179 -9.88771 4.9
      vertex -0.532843 -10.6788 4.9
    endloop
  endfacet
  facet normal 0 0 1
    outer loop
      vertex 0 -8 4.9
      vertex -5.86863 -9.36863 4.9
      vertex -5.66965 -9.61109 4.9
    endloop
  endfacet
  facet normal 0 0 1
    outer loop
      vertex -0.704536 -5 4.9
      vertex -6.11109 -9.16965 4.9
      vertex -5.86863 -9.36863 4.9
    endloop
  endfacet
  facet normal 0 0 1
    outer loop
      vertex -0.704536 -5 4.9
      vertex -6.38771 -9.02179 4.9
      vertex -6.11109 -9.16965 4.9
    endloop
  endfacet
  facet normal 0 0 1
    outer loop
      vertex -0.704536 -5 4.9
      vertex -6.68786 -8.93074 4.9
      vertex -6.38771 -9.02179 4.9
    endloop
  endfacet
  facet normal 0 0 1
    outer loop
      vertex -0.704536 -5 4.9
      vertex -7 -8.9 4.9
      vertex -6.68786 -8.93074 4.9
    endloop
  endfacet
  facet normal -0 0 1
    outer loop
      vertex -13.2955 -5 4.9
      vertex -7 -8.9 4.9
      vertex -0.704536 -5 4.9
    endloop
  endfacet
  facet normal 0 0 1
    outer loop
      vertex -7 -8.9 4.9
      vertex -13.2955 -5 4.9
      vertex -7.31214 -8.93074 4.9
    endloop
  endfacet
  facet normal 0 0 1
    outer loop
      vertex -7.31214 -8.93074 4.9
      vertex -13.2955 -5 4.9
      vertex -7.61229 -9.02179 4.9
    endloop
  endfacet
  facet normal 0 0 1
    outer loop
      vertex -13.4672 -10.6788 4.9
      vertex -8.6 -10.5 4.9
      vertex -8.56926 -10.1879 4.9
    endloop
  endfacet
  facet normal 0 0 1
    outer loop
      vertex -8.6 -10.5 4.9
      vertex -10.889 -13.8203 4.9
      vertex -9.67878 -14.4672 4.9
    endloop
  endfacet
  facet normal 0 0 1
    outer loop
      vertex -13.4672 -10.6788 4.9
      vertex -8.56926 -10.1879 4.9
      vertex -8.47821 -9.88771 4.9
    endloop
  endfacet
  facet normal 0 0 1
    outer loop
      vertex -14 -8 4.9
      vertex -8.47821 -9.88771 4.9
      vertex -8.33035 -9.61109 4.9
    endloop
  endfacet
  facet normal 0 0 1
    outer loop
      vertex -8.6 -10.5 4.9
      vertex -11.9497 -12.9497 4.9
      vertex -10.889 -13.8203 4.9
    endloop
  endfacet
  facet normal 0 0 1
    outer loop
      vertex -14 -8 4.9
      vertex -8.33035 -9.61109 4.9
      vertex -8.13137 -9.36863 4.9
    endloop
  endfacet
  facet normal 0 0 1
    outer loop
      vertex -8.6 -10.5 4.9
      vertex -12.8203 -11.889 4.9
      vertex -11.9497 -12.9497 4.9
    endloop
  endfacet
  facet normal 0 0 1
    outer loop
      vertex -13.2955 -5 4.9
      vertex -8.13137 -9.36863 4.9
      vertex -7.88891 -9.16965 4.9
    endloop
  endfacet
  facet normal 0 0 1
    outer loop
      vertex -7.61229 -9.02179 4.9
      vertex -13.2955 -5 4.9
      vertex -7.88891 -9.16965 4.9
    endloop
  endfacet
  facet normal 0 0 1
    outer loop
      vertex -8.13137 -9.36863 4.9
      vertex -13.2955 -5 4.9
      vertex -14 -8 4.9
    endloop
  endfacet
  facet normal 0 0 1
    outer loop
      vertex -8.6 -10.5 4.9
      vertex -13.4672 -10.6788 4.9
      vertex -12.8203 -11.889 4.9
    endloop
  endfacet
  facet normal 0 0 1
    outer loop
      vertex -8.47821 -9.88771 4.9
      vertex -13.8655 -9.36563 4.9
      vertex -13.4672 -10.6788 4.9
    endloop
  endfacet
  facet normal 0 0 1
    outer loop
      vertex -14 -8 4.9
      vertex -13.2955 -5 4.9
      vertex -14 -5 4.9
    endloop
  endfacet
  facet normal 0 0 1
    outer loop
      vertex -8.47821 -9.88771 4.9
      vertex -14 -8 4.9
      vertex -13.8655 -9.36563 4.9
    endloop
  endfacet
  facet normal 0 0 1
    outer loop
      vertex -2.05025 -12.9497 4.9
      vertex -5.52179 -11.1123 4.9
      vertex -3.11101 -13.8203 4.9
    endloop
  endfacet
  facet normal -0 0 1
    outer loop
      vertex -5.66965 -11.3889 4.9
      vertex -3.11101 -13.8203 4.9
      vertex -5.52179 -11.1123 4.9
    endloop
  endfacet
  facet normal -0 0 1
    outer loop
      vertex -5.86863 -11.6314 4.9
      vertex -3.11101 -13.8203 4.9
      vertex -5.66965 -11.3889 4.9
    endloop
  endfacet
  facet normal 0 0 1
    outer loop
      vertex -3.11101 -13.8203 4.9
      vertex -5.86863 -11.6314 4.9
      vertex -4.32122 -14.4672 4.9
    endloop
  endfacet
  facet normal -0 0 1
    outer loop
      vertex -6.11109 -11.8304 4.9
      vertex -4.32122 -14.4672 4.9
      vertex -5.86863 -11.6314 4.9
    endloop
  endfacet
  facet normal 0 0 1
    outer loop
      vertex -4.32122 -14.4672 4.9
      vertex -6.11109 -11.8304 4.9
      vertex -5.63437 -14.8655 4.9
    endloop
  endfacet
  facet normal -0 0 1
    outer loop
      vertex -6.38771 -11.9782 4.9
      vertex -5.63437 -14.8655 4.9
      vertex -6.11109 -11.8304 4.9
    endloop
  endfacet
  facet normal -0 0 1
    outer loop
      vertex -6.68786 -12.0693 4.9
      vertex -5.63437 -14.8655 4.9
      vertex -6.38771 -11.9782 4.9
    endloop
  endfacet
  facet normal 0 0 1
    outer loop
      vertex -7 -15 4.9
      vertex -6.68786 -12.0693 4.9
      vertex -7 -12.1 4.9
    endloop
  endfacet
  facet normal 0 0 1
    outer loop
      vertex -6.68786 -12.0693 4.9
      vertex -7 -15 4.9
      vertex -5.63437 -14.8655 4.9
    endloop
  endfacet
  facet normal 0 0 1
    outer loop
      vertex -7.31214 -12.0693 4.9
      vertex -7 -15 4.9
      vertex -7 -12.1 4.9
    endloop
  endfacet
  facet normal 0 0 1
    outer loop
      vertex -8.36563 -14.8655 4.9
      vertex -7.31214 -12.0693 4.9
      vertex -7.61229 -11.9782 4.9
    endloop
  endfacet
  facet normal 0 0 1
    outer loop
      vertex -8.36563 -14.8655 4.9
      vertex -7.61229 -11.9782 4.9
      vertex -7.88891 -11.8304 4.9
    endloop
  endfacet
  facet normal 0 0 1
    outer loop
      vertex -9.67878 -14.4672 4.9
      vertex -7.88891 -11.8304 4.9
      vertex -8.13137 -11.6314 4.9
    endloop
  endfacet
  facet normal 0 0 1
    outer loop
      vertex -9.67878 -14.4672 4.9
      vertex -8.13137 -11.6314 4.9
      vertex -8.33035 -11.3889 4.9
    endloop
  endfacet
  facet normal 0 0 1
    outer loop
      vertex -7.31214 -12.0693 4.9
      vertex -8.36563 -14.8655 4.9
      vertex -7 -15 4.9
    endloop
  endfacet
  facet normal 0 0 1
    outer loop
      vertex -9.67878 -14.4672 4.9
      vertex -8.33035 -11.3889 4.9
      vertex -8.47821 -11.1123 4.9
    endloop
  endfacet
  facet normal 0 0 1
    outer loop
      vertex -9.67878 -14.4672 4.9
      vertex -8.47821 -11.1123 4.9
      vertex -8.56926 -10.8121 4.9
    endloop
  endfacet
  facet normal 0 0 1
    outer loop
      vertex -9.67878 -14.4672 4.9
      vertex -8.56926 -10.8121 4.9
      vertex -8.6 -10.5 4.9
    endloop
  endfacet
  facet normal 0 0 1
    outer loop
      vertex -7.88891 -11.8304 4.9
      vertex -9.67878 -14.4672 4.9
      vertex -8.36563 -14.8655 4.9
    endloop
  endfacet
  facet normal 0 1 -0
    outer loop
      vertex -13.2955 -5 2.22045e-015
      vertex -14 -5 4.9
      vertex -13.2955 -5 4.9
    endloop
  endfacet
  facet normal 0 1 0
    outer loop
      vertex -14 -5 4.9
      vertex -13.2955 -5 2.22045e-015
      vertex -14 -5 2.22045e-015
    endloop
  endfacet
  facet normal -0.995185 -0.0980174 0
    outer loop
      vertex -13.8655 -9.36563 4.15918e-015
      vertex -14 -8 4.9
      vertex -14 -8 3.55271e-015
    endloop
  endfacet
  facet normal -0.995185 -0.0980174 0
    outer loop
      vertex -14 -8 4.9
      vertex -13.8655 -9.36563 4.15918e-015
      vertex -13.8655 -9.36563 4.9
    endloop
  endfacet
  facet normal -0.634393 -0.77301 0
    outer loop
      vertex -11.9497 -12.9497 4.9
      vertex -10.889 -13.8203 6.13744e-015
      vertex -10.889 -13.8203 4.9
    endloop
  endfacet
  facet normal -0.634393 -0.77301 0
    outer loop
      vertex -10.889 -13.8203 6.13744e-015
      vertex -11.9497 -12.9497 4.9
      vertex -11.9497 -12.9497 5.75084e-015
    endloop
  endfacet
  facet normal -0.290285 -0.95694 0
    outer loop
      vertex -9.67878 -14.4672 4.9
      vertex -8.36563 -14.8655 6.60161e-015
      vertex -8.36563 -14.8655 4.9
    endloop
  endfacet
  facet normal -0.290285 -0.95694 0
    outer loop
      vertex -8.36563 -14.8655 6.60161e-015
      vertex -9.67878 -14.4672 4.9
      vertex -9.67878 -14.4672 6.42471e-015
    endloop
  endfacet
  facet normal -0.881921 -0.471397 0
    outer loop
      vertex -12.8203 -11.889 5.27977e-015
      vertex -13.4672 -10.6788 4.9
      vertex -13.4672 -10.6788 4.74233e-015
    endloop
  endfacet
  facet normal -0.881921 -0.471397 0
    outer loop
      vertex -13.4672 -10.6788 4.9
      vertex -12.8203 -11.889 5.27977e-015
      vertex -12.8203 -11.889 4.9
    endloop
  endfacet
  facet normal -0.77301 -0.634393 0
    outer loop
      vertex -11.9497 -12.9497 5.75084e-015
      vertex -12.8203 -11.889 4.9
      vertex -12.8203 -11.889 5.27977e-015
    endloop
  endfacet
  facet normal -0.77301 -0.634393 0
    outer loop
      vertex -12.8203 -11.889 4.9
      vertex -11.9497 -12.9497 5.75084e-015
      vertex -11.9497 -12.9497 4.9
    endloop
  endfacet
  facet normal -0.95694 -0.290285 0
    outer loop
      vertex -13.4672 -10.6788 4.74233e-015
      vertex -13.8655 -9.36563 4.9
      vertex -13.8655 -9.36563 4.15918e-015
    endloop
  endfacet
  facet normal -0.95694 -0.290285 0
    outer loop
      vertex -13.8655 -9.36563 4.9
      vertex -13.4672 -10.6788 4.74233e-015
      vertex -13.4672 -10.6788 4.9
    endloop
  endfacet
  facet normal -0.471397 -0.881921 0
    outer loop
      vertex -10.889 -13.8203 4.9
      vertex -9.67878 -14.4672 6.42471e-015
      vertex -9.67878 -14.4672 4.9
    endloop
  endfacet
  facet normal -0.471397 -0.881921 0
    outer loop
      vertex -9.67878 -14.4672 6.42471e-015
      vertex -10.889 -13.8203 4.9
      vertex -10.889 -13.8203 6.13744e-015
    endloop
  endfacet
  facet normal -0.0980174 -0.995185 0
    outer loop
      vertex -8.36563 -14.8655 4.9
      vertex -7 -15 6.66134e-015
      vertex -7 -15 4.9
    endloop
  endfacet
  facet normal -0.0980174 -0.995185 0
    outer loop
      vertex -7 -15 6.66134e-015
      vertex -8.36563 -14.8655 4.9
      vertex -8.36563 -14.8655 6.60161e-015
    endloop
  endfacet
  facet normal -0.995185 0.0980174 0
    outer loop
      vertex -5.43074 -10.8121 18.1
      vertex -5.4 -10.5 21.1
      vertex -5.4 -10.5 18.1
    endloop
  endfacet
  facet normal -0.995185 0.0980174 0
    outer loop
      vertex -5.4 -10.5 21.1
      vertex -5.43074 -10.8121 18.1
      vertex -5.43074 -10.8121 21.1
    endloop
  endfacet
  facet normal -0.995185 0.0980174 0
    outer loop
      vertex -5.43074 -10.8121 2.40078e-015
      vertex -5.4 -10.5 4.9
      vertex -5.4 -10.5 2.33147e-015
    endloop
  endfacet
  facet normal -0.995185 0.0980174 0
    outer loop
      vertex -5.4 -10.5 4.9
      vertex -5.43074 -10.8121 2.40078e-015
      vertex -5.43074 -10.8121 4.9
    endloop
  endfacet
  facet normal 0.995185 0.0980174 0
    outer loop
      vertex -8.56926 -10.8121 21.1
      vertex -8.6 -10.5 18.1
      vertex -8.6 -10.5 21.1
    endloop
  endfacet
  facet normal 0.995185 0.0980174 0
    outer loop
      vertex -8.6 -10.5 18.1
      vertex -8.56926 -10.8121 21.1
      vertex -8.56926 -10.8121 18.1
    endloop
  endfacet
  facet normal 0.995185 0.0980174 0
    outer loop
      vertex -8.56926 -10.8121 4.9
      vertex -8.6 -10.5 4.66294e-015
      vertex -8.6 -10.5 4.9
    endloop
  endfacet
  facet normal 0.995185 0.0980174 0
    outer loop
      vertex -8.6 -10.5 4.66294e-015
      vertex -8.56926 -10.8121 4.9
      vertex -8.56926 -10.8121 4.80156e-015
    endloop
  endfacet
  facet normal -0.0980174 0.995185 0
    outer loop
      vertex -6.68786 -12.0693 18.1
      vertex -7 -12.1 21.1
      vertex -6.68786 -12.0693 21.1
    endloop
  endfacet
  facet normal -0.0980174 0.995185 0
    outer loop
      vertex -7 -12.1 21.1
      vertex -6.68786 -12.0693 18.1
      vertex -7 -12.1 18.1
    endloop
  endfacet
  facet normal -0.0980174 0.995185 0
    outer loop
      vertex -6.68786 -12.0693 4.9
      vertex -7 -12.1 5.37348e-015
      vertex -7 -12.1 4.9
    endloop
  endfacet
  facet normal -0.0980174 0.995185 0
    outer loop
      vertex -6.68786 -12.0693 2.67991e-015
      vertex -7 -12.1 5.37348e-015
      vertex -6.68786 -12.0693 4.9
    endloop
  endfacet
  facet normal -0.0980174 0.995185 0
    outer loop
      vertex -7 -12.1 5.37348e-015
      vertex -6.68786 -12.0693 2.67991e-015
      vertex -7 -12.1 2.68674e-015
    endloop
  endfacet
  facet normal 0.0980174 -0.995185 0
    outer loop
      vertex -7.31214 -8.93074 18.1
      vertex -7 -8.9 21.1
      vertex -7.31214 -8.93074 21.1
    endloop
  endfacet
  facet normal 0.0980174 -0.995185 0
    outer loop
      vertex -7 -8.9 21.1
      vertex -7.31214 -8.93074 18.1
      vertex -7 -8.9 18.1
    endloop
  endfacet
  facet normal 0.0980174 -0.995185 0
    outer loop
      vertex -7.31214 -8.93074 3.96605e-015
      vertex -7 -8.9 4.9
      vertex -7.31214 -8.93074 4.9
    endloop
  endfacet
  facet normal 0.0980174 -0.995185 0
    outer loop
      vertex -7 -8.9 4.9
      vertex -7.31214 -8.93074 3.96605e-015
      vertex -7 -8.9 3.95239e-015
    endloop
  endfacet
  facet normal -0.773011 0.634393 0
    outer loop
      vertex -5.86863 -11.6314 18.1
      vertex -5.66965 -11.3889 21.1
      vertex -5.66965 -11.3889 18.1
    endloop
  endfacet
  facet normal -0.773011 0.634393 0
    outer loop
      vertex -5.66965 -11.3889 21.1
      vertex -5.86863 -11.6314 18.1
      vertex -5.86863 -11.6314 21.1
    endloop
  endfacet
  facet normal -0.773011 0.634393 0
    outer loop
      vertex -5.86863 -11.6314 2.58268e-015
      vertex -5.66965 -11.3889 4.9
      vertex -5.66965 -11.3889 2.52885e-015
    endloop
  endfacet
  facet normal -0.773011 0.634393 0
    outer loop
      vertex -5.66965 -11.3889 4.9
      vertex -5.86863 -11.6314 2.58268e-015
      vertex -5.86863 -11.6314 4.9
    endloop
  endfacet
  facet normal 0.634393 0.773011 -0
    outer loop
      vertex -7.88891 -11.8304 18.1
      vertex -8.13137 -11.6314 21.1
      vertex -7.88891 -11.8304 21.1
    endloop
  endfacet
  facet normal 0.634393 0.773011 0
    outer loop
      vertex -8.13137 -11.6314 21.1
      vertex -7.88891 -11.8304 18.1
      vertex -8.13137 -11.6314 18.1
    endloop
  endfacet
  facet normal 0.634393 0.773011 -0
    outer loop
      vertex -7.88891 -11.8304 5.25373e-015
      vertex -8.13137 -11.6314 4.9
      vertex -7.88891 -11.8304 4.9
    endloop
  endfacet
  facet normal 0.634393 0.773011 0
    outer loop
      vertex -8.13137 -11.6314 4.9
      vertex -7.88891 -11.8304 5.25373e-015
      vertex -8.13137 -11.6314 5.16537e-015
    endloop
  endfacet
  facet normal 0.290285 0.95694 -0
    outer loop
      vertex -7.31214 -12.0693 18.1
      vertex -7.61229 -11.9782 21.1
      vertex -7.31214 -12.0693 21.1
    endloop
  endfacet
  facet normal 0.290285 0.95694 0
    outer loop
      vertex -7.61229 -11.9782 21.1
      vertex -7.31214 -12.0693 18.1
      vertex -7.61229 -11.9782 18.1
    endloop
  endfacet
  facet normal 0.290285 0.95694 -0
    outer loop
      vertex -7.31214 -12.0693 5.35983e-015
      vertex -7.61229 -11.9782 4.9
      vertex -7.31214 -12.0693 4.9
    endloop
  endfacet
  facet normal 0.290285 0.95694 0
    outer loop
      vertex -7.61229 -11.9782 4.9
      vertex -7.31214 -12.0693 5.35983e-015
      vertex -7.61229 -11.9782 5.31939e-015
    endloop
  endfacet
  facet normal -0.634393 -0.773011 0
    outer loop
      vertex -6.11109 -9.16965 18.1
      vertex -5.86863 -9.36863 21.1
      vertex -6.11109 -9.16965 21.1
    endloop
  endfacet
  facet normal -0.634393 -0.773011 -0
    outer loop
      vertex -5.86863 -9.36863 21.1
      vertex -6.11109 -9.16965 18.1
      vertex -5.86863 -9.36863 18.1
    endloop
  endfacet
  facet normal -0.634393 -0.773011 0
    outer loop
      vertex -6.11109 -9.16965 4.9
      vertex -5.86863 -9.36863 2.08025e-015
      vertex -5.86863 -9.36863 4.9
    endloop
  endfacet
  facet normal -0.634393 -0.773011 0
    outer loop
      vertex -5.86863 -9.36863 2.08025e-015
      vertex -6.11109 -9.16965 4.9
      vertex -6.11109 -9.16965 2.03607e-015
    endloop
  endfacet
  facet normal -0.881921 0.471396 0
    outer loop
      vertex -5.66965 -11.3889 18.1
      vertex -5.52179 -11.1123 21.1
      vertex -5.52179 -11.1123 18.1
    endloop
  endfacet
  facet normal -0.881921 0.471396 0
    outer loop
      vertex -5.52179 -11.1123 21.1
      vertex -5.66965 -11.3889 18.1
      vertex -5.66965 -11.3889 21.1
    endloop
  endfacet
  facet normal -0.881921 0.471396 0
    outer loop
      vertex -5.66965 -11.3889 2.52885e-015
      vertex -5.52179 -11.1123 4.9
      vertex -5.52179 -11.1123 2.46742e-015
    endloop
  endfacet
  facet normal -0.881921 0.471396 0
    outer loop
      vertex -5.52179 -11.1123 4.9
      vertex -5.66965 -11.3889 2.52885e-015
      vertex -5.66965 -11.3889 4.9
    endloop
  endfacet
  facet normal -0.95694 0.290285 0
    outer loop
      vertex -5.52179 -11.1123 18.1
      vertex -5.43074 -10.8121 21.1
      vertex -5.43074 -10.8121 18.1
    endloop
  endfacet
  facet normal -0.95694 0.290285 0
    outer loop
      vertex -5.43074 -10.8121 21.1
      vertex -5.52179 -11.1123 18.1
      vertex -5.52179 -11.1123 21.1
    endloop
  endfacet
  facet normal -0.95694 0.290285 0
    outer loop
      vertex -5.52179 -11.1123 2.46742e-015
      vertex -5.43074 -10.8121 4.9
      vertex -5.43074 -10.8121 2.40078e-015
    endloop
  endfacet
  facet normal -0.95694 0.290285 0
    outer loop
      vertex -5.43074 -10.8121 4.9
      vertex -5.52179 -11.1123 2.46742e-015
      vertex -5.52179 -11.1123 4.9
    endloop
  endfacet
  facet normal -0.471396 0.881921 0
    outer loop
      vertex -6.11109 -11.8304 18.1
      vertex -6.38771 -11.9782 21.1
      vertex -6.11109 -11.8304 21.1
    endloop
  endfacet
  facet normal -0.471396 0.881921 0
    outer loop
      vertex -6.38771 -11.9782 21.1
      vertex -6.11109 -11.8304 18.1
      vertex -6.38771 -11.9782 18.1
    endloop
  endfacet
  facet normal -0.471396 0.881921 0
    outer loop
      vertex -6.11109 -11.8304 4.9
      vertex -6.38771 -11.9782 2.6597e-015
      vertex -6.38771 -11.9782 4.9
    endloop
  endfacet
  facet normal -0.471396 0.881921 0
    outer loop
      vertex -6.38771 -11.9782 2.6597e-015
      vertex -6.11109 -11.8304 4.9
      vertex -6.11109 -11.8304 2.62687e-015
    endloop
  endfacet
  facet normal -0.290285 0.95694 0
    outer loop
      vertex -6.38771 -11.9782 18.1
      vertex -6.68786 -12.0693 21.1
      vertex -6.38771 -11.9782 21.1
    endloop
  endfacet
  facet normal -0.290285 0.95694 0
    outer loop
      vertex -6.68786 -12.0693 21.1
      vertex -6.38771 -11.9782 18.1
      vertex -6.68786 -12.0693 18.1
    endloop
  endfacet
  facet normal -0.290285 0.95694 0
    outer loop
      vertex -6.38771 -11.9782 4.9
      vertex -6.68786 -12.0693 2.67991e-015
      vertex -6.68786 -12.0693 4.9
    endloop
  endfacet
  facet normal -0.290285 0.95694 0
    outer loop
      vertex -6.68786 -12.0693 2.67991e-015
      vertex -6.38771 -11.9782 4.9
      vertex -6.38771 -11.9782 2.6597e-015
    endloop
  endfacet
  facet normal -0.634393 0.773011 0
    outer loop
      vertex -5.86863 -11.6314 18.1
      vertex -6.11109 -11.8304 21.1
      vertex -5.86863 -11.6314 21.1
    endloop
  endfacet
  facet normal -0.634393 0.773011 0
    outer loop
      vertex -6.11109 -11.8304 21.1
      vertex -5.86863 -11.6314 18.1
      vertex -6.11109 -11.8304 18.1
    endloop
  endfacet
  facet normal -0.634393 0.773011 0
    outer loop
      vertex -5.86863 -11.6314 4.9
      vertex -6.11109 -11.8304 2.62687e-015
      vertex -6.11109 -11.8304 4.9
    endloop
  endfacet
  facet normal -0.634393 0.773011 0
    outer loop
      vertex -6.11109 -11.8304 2.62687e-015
      vertex -5.86863 -11.6314 4.9
      vertex -5.86863 -11.6314 2.58268e-015
    endloop
  endfacet
  facet normal 0.881921 0.471396 0
    outer loop
      vertex -8.33035 -11.3889 21.1
      vertex -8.47821 -11.1123 18.1
      vertex -8.47821 -11.1123 21.1
    endloop
  endfacet
  facet normal 0.881921 0.471396 0
    outer loop
      vertex -8.47821 -11.1123 18.1
      vertex -8.33035 -11.3889 21.1
      vertex -8.33035 -11.3889 18.1
    endloop
  endfacet
  facet normal 0.881921 0.471396 0
    outer loop
      vertex -8.33035 -11.3889 4.9
      vertex -8.47821 -11.1123 4.93485e-015
      vertex -8.47821 -11.1123 4.9
    endloop
  endfacet
  facet normal 0.881921 0.471396 0
    outer loop
      vertex -8.47821 -11.1123 4.93485e-015
      vertex -8.33035 -11.3889 4.9
      vertex -8.33035 -11.3889 5.05769e-015
    endloop
  endfacet
  facet normal 0.773011 0.634393 0
    outer loop
      vertex -8.13137 -11.6314 21.1
      vertex -8.33035 -11.3889 18.1
      vertex -8.33035 -11.3889 21.1
    endloop
  endfacet
  facet normal 0.773011 0.634393 0
    outer loop
      vertex -8.33035 -11.3889 18.1
      vertex -8.13137 -11.6314 21.1
      vertex -8.13137 -11.6314 18.1
    endloop
  endfacet
  facet normal 0.773011 0.634393 0
    outer loop
      vertex -8.13137 -11.6314 4.9
      vertex -8.33035 -11.3889 5.05769e-015
      vertex -8.33035 -11.3889 4.9
    endloop
  endfacet
  facet normal 0.773011 0.634393 0
    outer loop
      vertex -8.33035 -11.3889 5.05769e-015
      vertex -8.13137 -11.6314 4.9
      vertex -8.13137 -11.6314 5.16537e-015
    endloop
  endfacet
  facet normal 0.95694 0.290285 0
    outer loop
      vertex -8.47821 -11.1123 21.1
      vertex -8.56926 -10.8121 18.1
      vertex -8.56926 -10.8121 21.1
    endloop
  endfacet
  facet normal 0.95694 0.290285 0
    outer loop
      vertex -8.56926 -10.8121 18.1
      vertex -8.47821 -11.1123 21.1
      vertex -8.47821 -11.1123 18.1
    endloop
  endfacet
  facet normal 0.95694 0.290285 0
    outer loop
      vertex -8.47821 -11.1123 4.9
      vertex -8.56926 -10.8121 4.80156e-015
      vertex -8.56926 -10.8121 4.9
    endloop
  endfacet
  facet normal 0.95694 0.290285 0
    outer loop
      vertex -8.56926 -10.8121 4.80156e-015
      vertex -8.47821 -11.1123 4.9
      vertex -8.47821 -11.1123 4.93485e-015
    endloop
  endfacet
  facet normal 0.471396 0.881921 -0
    outer loop
      vertex -7.61229 -11.9782 18.1
      vertex -7.88891 -11.8304 21.1
      vertex -7.61229 -11.9782 21.1
    endloop
  endfacet
  facet normal 0.471396 0.881921 0
    outer loop
      vertex -7.88891 -11.8304 21.1
      vertex -7.61229 -11.9782 18.1
      vertex -7.88891 -11.8304 18.1
    endloop
  endfacet
  facet normal 0.471396 0.881921 -0
    outer loop
      vertex -7.61229 -11.9782 5.31939e-015
      vertex -7.88891 -11.8304 4.9
      vertex -7.61229 -11.9782 4.9
    endloop
  endfacet
  facet normal 0.471396 0.881921 0
    outer loop
      vertex -7.88891 -11.8304 4.9
      vertex -7.61229 -11.9782 5.31939e-015
      vertex -7.88891 -11.8304 5.25373e-015
    endloop
  endfacet
  facet normal 0.0980174 0.995185 -0
    outer loop
      vertex -7 -12.1 18.1
      vertex -7.31214 -12.0693 21.1
      vertex -7 -12.1 21.1
    endloop
  endfacet
  facet normal 0.0980174 0.995185 0
    outer loop
      vertex -7.31214 -12.0693 21.1
      vertex -7 -12.1 18.1
      vertex -7.31214 -12.0693 18.1
    endloop
  endfacet
  facet normal 0.0980174 0.995185 -0
    outer loop
      vertex -7 -12.1 5.37348e-015
      vertex -7.31214 -12.0693 4.9
      vertex -7 -12.1 4.9
    endloop
  endfacet
  facet normal 0.0980174 0.995185 0
    outer loop
      vertex -7.31214 -12.0693 4.9
      vertex -7 -12.1 5.37348e-015
      vertex -7.31214 -12.0693 5.35983e-015
    endloop
  endfacet
  facet normal -0.995185 -0.0980174 0
    outer loop
      vertex -5.4 -10.5 18.1
      vertex -5.43074 -10.1879 21.1
      vertex -5.43074 -10.1879 18.1
    endloop
  endfacet
  facet normal -0.995185 -0.0980174 0
    outer loop
      vertex -5.43074 -10.1879 21.1
      vertex -5.4 -10.5 18.1
      vertex -5.4 -10.5 21.1
    endloop
  endfacet
  facet normal -0.995185 -0.0980174 0
    outer loop
      vertex -5.4 -10.5 2.33147e-015
      vertex -5.43074 -10.1879 4.9
      vertex -5.43074 -10.1879 2.26216e-015
    endloop
  endfacet
  facet normal -0.995185 -0.0980174 0
    outer loop
      vertex -5.43074 -10.1879 4.9
      vertex -5.4 -10.5 2.33147e-015
      vertex -5.4 -10.5 4.9
    endloop
  endfacet
  facet normal -0.0980174 -0.995185 0
    outer loop
      vertex -7 -8.9 18.1
      vertex -6.68786 -8.93074 21.1
      vertex -7 -8.9 21.1
    endloop
  endfacet
  facet normal -0.0980174 -0.995185 -0
    outer loop
      vertex -6.68786 -8.93074 21.1
      vertex -7 -8.9 18.1
      vertex -6.68786 -8.93074 18.1
    endloop
  endfacet
  facet normal -0.0980174 -0.995185 0
    outer loop
      vertex -7 -8.9 3.95239e-015
      vertex -6.68786 -8.93074 4.9
      vertex -7 -8.9 4.9
    endloop
  endfacet
  facet normal -0.0980174 -0.995185 0
    outer loop
      vertex -7 -8.9 3.95239e-015
      vertex -6.68786 -8.93074 1.98302e-015
      vertex -6.68786 -8.93074 4.9
    endloop
  endfacet
  facet normal -0.0980174 -0.995185 0
    outer loop
      vertex -6.68786 -8.93074 1.98302e-015
      vertex -7 -8.9 3.95239e-015
      vertex -7 -8.9 1.9762e-015
    endloop
  endfacet
  facet normal -0.471396 -0.881921 0
    outer loop
      vertex -6.38771 -9.02179 18.1
      vertex -6.11109 -9.16965 21.1
      vertex -6.38771 -9.02179 21.1
    endloop
  endfacet
  facet normal -0.471396 -0.881921 -0
    outer loop
      vertex -6.11109 -9.16965 21.1
      vertex -6.38771 -9.02179 18.1
      vertex -6.11109 -9.16965 18.1
    endloop
  endfacet
  facet normal -0.471396 -0.881921 0
    outer loop
      vertex -6.38771 -9.02179 4.9
      vertex -6.11109 -9.16965 2.03607e-015
      vertex -6.11109 -9.16965 4.9
    endloop
  endfacet
  facet normal -0.471396 -0.881921 0
    outer loop
      vertex -6.11109 -9.16965 2.03607e-015
      vertex -6.38771 -9.02179 4.9
      vertex -6.38771 -9.02179 2.00324e-015
    endloop
  endfacet
  facet normal 0.634393 -0.773011 0
    outer loop
      vertex -8.13137 -9.36863 18.1
      vertex -7.88891 -9.16965 21.1
      vertex -8.13137 -9.36863 21.1
    endloop
  endfacet
  facet normal 0.634393 -0.773011 0
    outer loop
      vertex -7.88891 -9.16965 21.1
      vertex -8.13137 -9.36863 18.1
      vertex -7.88891 -9.16965 18.1
    endloop
  endfacet
  facet normal 0.634393 -0.773011 0
    outer loop
      vertex -8.13137 -9.36863 4.16051e-015
      vertex -7.88891 -9.16965 4.9
      vertex -8.13137 -9.36863 4.9
    endloop
  endfacet
  facet normal 0.634393 -0.773011 0
    outer loop
      vertex -7.88891 -9.16965 4.9
      vertex -8.13137 -9.36863 4.16051e-015
      vertex -7.88891 -9.16965 4.07214e-015
    endloop
  endfacet
  facet normal 0.290285 -0.95694 0
    outer loop
      vertex -7.61229 -9.02179 18.1
      vertex -7.31214 -8.93074 21.1
      vertex -7.61229 -9.02179 21.1
    endloop
  endfacet
  facet normal 0.290285 -0.95694 0
    outer loop
      vertex -7.31214 -8.93074 21.1
      vertex -7.61229 -9.02179 18.1
      vertex -7.31214 -8.93074 18.1
    endloop
  endfacet
  facet normal 0.290285 -0.95694 0
    outer loop
      vertex -7.61229 -9.02179 4.00648e-015
      vertex -7.31214 -8.93074 4.9
      vertex -7.61229 -9.02179 4.9
    endloop
  endfacet
  facet normal 0.290285 -0.95694 0
    outer loop
      vertex -7.31214 -8.93074 4.9
      vertex -7.61229 -9.02179 4.00648e-015
      vertex -7.31214 -8.93074 3.96605e-015
    endloop
  endfacet
  facet normal 0.881921 -0.471396 0
    outer loop
      vertex -8.47821 -9.88771 21.1
      vertex -8.33035 -9.61109 18.1
      vertex -8.33035 -9.61109 21.1
    endloop
  endfacet
  facet normal 0.881921 -0.471396 0
    outer loop
      vertex -8.33035 -9.61109 18.1
      vertex -8.47821 -9.88771 21.1
      vertex -8.47821 -9.88771 18.1
    endloop
  endfacet
  facet normal 0.881921 -0.471396 0
    outer loop
      vertex -8.47821 -9.88771 4.9
      vertex -8.33035 -9.61109 4.26818e-015
      vertex -8.33035 -9.61109 4.9
    endloop
  endfacet
  facet normal 0.881921 -0.471396 0
    outer loop
      vertex -8.33035 -9.61109 4.26818e-015
      vertex -8.47821 -9.88771 4.9
      vertex -8.47821 -9.88771 4.39102e-015
    endloop
  endfacet
  facet normal 0.773011 -0.634393 0
    outer loop
      vertex -8.33035 -9.61109 21.1
      vertex -8.13137 -9.36863 18.1
      vertex -8.13137 -9.36863 21.1
    endloop
  endfacet
  facet normal 0.773011 -0.634393 0
    outer loop
      vertex -8.13137 -9.36863 18.1
      vertex -8.33035 -9.61109 21.1
      vertex -8.33035 -9.61109 18.1
    endloop
  endfacet
  facet normal 0.773011 -0.634393 0
    outer loop
      vertex -8.33035 -9.61109 4.9
      vertex -8.13137 -9.36863 4.16051e-015
      vertex -8.13137 -9.36863 4.9
    endloop
  endfacet
  facet normal 0.773011 -0.634393 0
    outer loop
      vertex -8.13137 -9.36863 4.16051e-015
      vertex -8.33035 -9.61109 4.9
      vertex -8.33035 -9.61109 4.26818e-015
    endloop
  endfacet
  facet normal 0.995185 -0.0980174 0
    outer loop
      vertex -8.6 -10.5 21.1
      vertex -8.56926 -10.1879 18.1
      vertex -8.56926 -10.1879 21.1
    endloop
  endfacet
  facet normal 0.995185 -0.0980174 0
    outer loop
      vertex -8.56926 -10.1879 18.1
      vertex -8.6 -10.5 21.1
      vertex -8.6 -10.5 18.1
    endloop
  endfacet
  facet normal 0.995185 -0.0980174 0
    outer loop
      vertex -8.6 -10.5 4.9
      vertex -8.56926 -10.1879 4.52432e-015
      vertex -8.56926 -10.1879 4.9
    endloop
  endfacet
  facet normal 0.995185 -0.0980174 0
    outer loop
      vertex -8.56926 -10.1879 4.52432e-015
      vertex -8.6 -10.5 4.9
      vertex -8.6 -10.5 4.66294e-015
    endloop
  endfacet
  facet normal -0.290285 -0.95694 0
    outer loop
      vertex -6.68786 -8.93074 18.1
      vertex -6.38771 -9.02179 21.1
      vertex -6.68786 -8.93074 21.1
    endloop
  endfacet
  facet normal -0.290285 -0.95694 -0
    outer loop
      vertex -6.38771 -9.02179 21.1
      vertex -6.68786 -8.93074 18.1
      vertex -6.38771 -9.02179 18.1
    endloop
  endfacet
  facet normal -0.290285 -0.95694 0
    outer loop
      vertex -6.68786 -8.93074 4.9
      vertex -6.38771 -9.02179 2.00324e-015
      vertex -6.38771 -9.02179 4.9
    endloop
  endfacet
  facet normal -0.290285 -0.95694 0
    outer loop
      vertex -6.38771 -9.02179 2.00324e-015
      vertex -6.68786 -8.93074 4.9
      vertex -6.68786 -8.93074 1.98302e-015
    endloop
  endfacet
  facet normal -0.773011 -0.634393 0
    outer loop
      vertex -5.66965 -9.61109 18.1
      vertex -5.86863 -9.36863 21.1
      vertex -5.86863 -9.36863 18.1
    endloop
  endfacet
  facet normal -0.773011 -0.634393 0
    outer loop
      vertex -5.86863 -9.36863 21.1
      vertex -5.66965 -9.61109 18.1
      vertex -5.66965 -9.61109 21.1
    endloop
  endfacet
  facet normal -0.773011 -0.634393 0
    outer loop
      vertex -5.66965 -9.61109 2.13409e-015
      vertex -5.86863 -9.36863 4.9
      vertex -5.86863 -9.36863 2.08025e-015
    endloop
  endfacet
  facet normal -0.773011 -0.634393 0
    outer loop
      vertex -5.86863 -9.36863 4.9
      vertex -5.66965 -9.61109 2.13409e-015
      vertex -5.66965 -9.61109 4.9
    endloop
  endfacet
  facet normal -0.95694 -0.290285 0
    outer loop
      vertex -5.43074 -10.1879 18.1
      vertex -5.52179 -9.88771 21.1
      vertex -5.52179 -9.88771 18.1
    endloop
  endfacet
  facet normal -0.95694 -0.290285 0
    outer loop
      vertex -5.52179 -9.88771 21.1
      vertex -5.43074 -10.1879 18.1
      vertex -5.43074 -10.1879 21.1
    endloop
  endfacet
  facet normal -0.95694 -0.290285 0
    outer loop
      vertex -5.43074 -10.1879 2.26216e-015
      vertex -5.52179 -9.88771 4.9
      vertex -5.52179 -9.88771 2.19551e-015
    endloop
  endfacet
  facet normal -0.95694 -0.290285 0
    outer loop
      vertex -5.52179 -9.88771 4.9
      vertex -5.43074 -10.1879 2.26216e-015
      vertex -5.43074 -10.1879 4.9
    endloop
  endfacet
  facet normal 0.471396 -0.881921 0
    outer loop
      vertex -7.88891 -9.16965 18.1
      vertex -7.61229 -9.02179 21.1
      vertex -7.88891 -9.16965 21.1
    endloop
  endfacet
  facet normal 0.471396 -0.881921 0
    outer loop
      vertex -7.61229 -9.02179 21.1
      vertex -7.88891 -9.16965 18.1
      vertex -7.61229 -9.02179 18.1
    endloop
  endfacet
  facet normal 0.471396 -0.881921 0
    outer loop
      vertex -7.88891 -9.16965 4.07214e-015
      vertex -7.61229 -9.02179 4.9
      vertex -7.88891 -9.16965 4.9
    endloop
  endfacet
  facet normal 0.471396 -0.881921 0
    outer loop
      vertex -7.61229 -9.02179 4.9
      vertex -7.88891 -9.16965 4.07214e-015
      vertex -7.61229 -9.02179 4.00648e-015
    endloop
  endfacet
  facet normal 0.95694 -0.290285 0
    outer loop
      vertex -8.56926 -10.1879 21.1
      vertex -8.47821 -9.88771 18.1
      vertex -8.47821 -9.88771 21.1
    endloop
  endfacet
  facet normal 0.95694 -0.290285 0
    outer loop
      vertex -8.47821 -9.88771 18.1
      vertex -8.56926 -10.1879 21.1
      vertex -8.56926 -10.1879 18.1
    endloop
  endfacet
  facet normal 0.95694 -0.290285 0
    outer loop
      vertex -8.56926 -10.1879 4.9
      vertex -8.47821 -9.88771 4.39102e-015
      vertex -8.47821 -9.88771 4.9
    endloop
  endfacet
  facet normal 0.95694 -0.290285 0
    outer loop
      vertex -8.47821 -9.88771 4.39102e-015
      vertex -8.56926 -10.1879 4.9
      vertex -8.56926 -10.1879 4.52432e-015
    endloop
  endfacet
  facet normal -0.881921 -0.471396 0
    outer loop
      vertex -5.52179 -9.88771 18.1
      vertex -5.66965 -9.61109 21.1
      vertex -5.66965 -9.61109 18.1
    endloop
  endfacet
  facet normal -0.881921 -0.471396 0
    outer loop
      vertex -5.66965 -9.61109 21.1
      vertex -5.52179 -9.88771 18.1
      vertex -5.52179 -9.88771 21.1
    endloop
  endfacet
  facet normal -0.881921 -0.471396 0
    outer loop
      vertex -5.52179 -9.88771 2.19551e-015
      vertex -5.66965 -9.61109 4.9
      vertex -5.66965 -9.61109 2.13409e-015
    endloop
  endfacet
  facet normal -0.881921 -0.471396 0
    outer loop
      vertex -5.66965 -9.61109 4.9
      vertex -5.52179 -9.88771 2.19551e-015
      vertex -5.52179 -9.88771 4.9
    endloop
  endfacet
  facet normal -0.866025 0.5 0
    outer loop
      vertex -5.38729 -13.2933 21.1
      vertex -3.77457 -10.5 23
      vertex -3.77457 -10.5 21.1
    endloop
  endfacet
  facet normal -0.866025 0.5 0
    outer loop
      vertex -3.77457 -10.5 23
      vertex -5.38729 -13.2933 21.1
      vertex -5.38729 -13.2933 23
    endloop
  endfacet
  facet normal 0.866025 0.5 0
    outer loop
      vertex -8.61271 -13.2933 23
      vertex -10.2254 -10.5 21.1
      vertex -10.2254 -10.5 23
    endloop
  endfacet
  facet normal 0.866025 0.5 0
    outer loop
      vertex -10.2254 -10.5 21.1
      vertex -8.61271 -13.2933 23
      vertex -8.61271 -13.2933 21.1
    endloop
  endfacet
  facet normal 0 1 -0
    outer loop
      vertex -5.38729 -13.2933 21.1
      vertex -8.61271 -13.2933 23
      vertex -5.38729 -13.2933 23
    endloop
  endfacet
  facet normal 0 1 0
    outer loop
      vertex -8.61271 -13.2933 23
      vertex -5.38729 -13.2933 21.1
      vertex -8.61271 -13.2933 21.1
    endloop
  endfacet
  facet normal -0 0 1
    outer loop
      vertex -5.66965 -9.61109 21.1
      vertex -3.77457 -10.5 21.1
      vertex -5.38729 -7.7067 21.1
    endloop
  endfacet
  facet normal 0 0 1
    outer loop
      vertex -5.43074 -10.8121 21.1
      vertex -3.77457 -10.5 21.1
      vertex -5.4 -10.5 21.1
    endloop
  endfacet
  facet normal 0 0 1
    outer loop
      vertex -3.77457 -10.5 21.1
      vertex -5.43074 -10.1879 21.1
      vertex -5.4 -10.5 21.1
    endloop
  endfacet
  facet normal 0 0 1
    outer loop
      vertex -3.77457 -10.5 21.1
      vertex -5.52179 -9.88771 21.1
      vertex -5.43074 -10.1879 21.1
    endloop
  endfacet
  facet normal 0 0 1
    outer loop
      vertex -3.77457 -10.5 21.1
      vertex -5.66965 -9.61109 21.1
      vertex -5.52179 -9.88771 21.1
    endloop
  endfacet
  facet normal 0 0 1
    outer loop
      vertex -5.38729 -7.7067 21.1
      vertex -5.86863 -9.36863 21.1
      vertex -5.66965 -9.61109 21.1
    endloop
  endfacet
  facet normal 0 0 1
    outer loop
      vertex -5.38729 -7.7067 21.1
      vertex -6.11109 -9.16965 21.1
      vertex -5.86863 -9.36863 21.1
    endloop
  endfacet
  facet normal 0 0 1
    outer loop
      vertex -5.38729 -7.7067 21.1
      vertex -6.38771 -9.02179 21.1
      vertex -6.11109 -9.16965 21.1
    endloop
  endfacet
  facet normal 0 0 1
    outer loop
      vertex -5.38729 -7.7067 21.1
      vertex -6.68786 -8.93074 21.1
      vertex -6.38771 -9.02179 21.1
    endloop
  endfacet
  facet normal 0 0 1
    outer loop
      vertex -5.38729 -7.7067 21.1
      vertex -7 -8.9 21.1
      vertex -6.68786 -8.93074 21.1
    endloop
  endfacet
  facet normal -0 0 1
    outer loop
      vertex -8.61271 -7.7067 21.1
      vertex -7 -8.9 21.1
      vertex -5.38729 -7.7067 21.1
    endloop
  endfacet
  facet normal 0 0 1
    outer loop
      vertex -7 -8.9 21.1
      vertex -8.61271 -7.7067 21.1
      vertex -7.31214 -8.93074 21.1
    endloop
  endfacet
  facet normal 0 0 1
    outer loop
      vertex -7.31214 -8.93074 21.1
      vertex -8.61271 -7.7067 21.1
      vertex -7.61229 -9.02179 21.1
    endloop
  endfacet
  facet normal 0 0 1
    outer loop
      vertex -8.47821 -9.88771 21.1
      vertex -10.2254 -10.5 21.1
      vertex -8.56926 -10.1879 21.1
    endloop
  endfacet
  facet normal 0 0 1
    outer loop
      vertex -8.33035 -9.61109 21.1
      vertex -10.2254 -10.5 21.1
      vertex -8.47821 -9.88771 21.1
    endloop
  endfacet
  facet normal 0 0 1
    outer loop
      vertex -10.2254 -10.5 21.1
      vertex -8.33035 -9.61109 21.1
      vertex -8.61271 -7.7067 21.1
    endloop
  endfacet
  facet normal 0 0 1
    outer loop
      vertex -8.13137 -9.36863 21.1
      vertex -8.61271 -7.7067 21.1
      vertex -8.33035 -9.61109 21.1
    endloop
  endfacet
  facet normal 0 0 1
    outer loop
      vertex -7.88891 -9.16965 21.1
      vertex -8.61271 -7.7067 21.1
      vertex -8.13137 -9.36863 21.1
    endloop
  endfacet
  facet normal 0 0 1
    outer loop
      vertex -7.61229 -9.02179 21.1
      vertex -8.61271 -7.7067 21.1
      vertex -7.88891 -9.16965 21.1
    endloop
  endfacet
  facet normal 0 0 1
    outer loop
      vertex -5.52179 -11.1123 21.1
      vertex -3.77457 -10.5 21.1
      vertex -5.43074 -10.8121 21.1
    endloop
  endfacet
  facet normal 0 0 1
    outer loop
      vertex -5.66965 -11.3889 21.1
      vertex -3.77457 -10.5 21.1
      vertex -5.52179 -11.1123 21.1
    endloop
  endfacet
  facet normal 0 0 1
    outer loop
      vertex -3.77457 -10.5 21.1
      vertex -5.66965 -11.3889 21.1
      vertex -5.38729 -13.2933 21.1
    endloop
  endfacet
  facet normal -0 0 1
    outer loop
      vertex -5.86863 -11.6314 21.1
      vertex -5.38729 -13.2933 21.1
      vertex -5.66965 -11.3889 21.1
    endloop
  endfacet
  facet normal -0 0 1
    outer loop
      vertex -6.11109 -11.8304 21.1
      vertex -5.38729 -13.2933 21.1
      vertex -5.86863 -11.6314 21.1
    endloop
  endfacet
  facet normal -0 0 1
    outer loop
      vertex -6.38771 -11.9782 21.1
      vertex -5.38729 -13.2933 21.1
      vertex -6.11109 -11.8304 21.1
    endloop
  endfacet
  facet normal -0 0 1
    outer loop
      vertex -6.68786 -12.0693 21.1
      vertex -5.38729 -13.2933 21.1
      vertex -6.38771 -11.9782 21.1
    endloop
  endfacet
  facet normal -0 0 1
    outer loop
      vertex -7 -12.1 21.1
      vertex -5.38729 -13.2933 21.1
      vertex -6.68786 -12.0693 21.1
    endloop
  endfacet
  facet normal 0 0 1
    outer loop
      vertex -8.61271 -13.2933 21.1
      vertex -7 -12.1 21.1
      vertex -7.31214 -12.0693 21.1
    endloop
  endfacet
  facet normal 0 0 1
    outer loop
      vertex -8.61271 -13.2933 21.1
      vertex -7.31214 -12.0693 21.1
      vertex -7.61229 -11.9782 21.1
    endloop
  endfacet
  facet normal 0 0 1
    outer loop
      vertex -8.61271 -13.2933 21.1
      vertex -7.61229 -11.9782 21.1
      vertex -7.88891 -11.8304 21.1
    endloop
  endfacet
  facet normal 0 0 1
    outer loop
      vertex -7 -12.1 21.1
      vertex -8.61271 -13.2933 21.1
      vertex -5.38729 -13.2933 21.1
    endloop
  endfacet
  facet normal 0 0 1
    outer loop
      vertex -8.13137 -11.6314 21.1
      vertex -8.61271 -13.2933 21.1
      vertex -7.88891 -11.8304 21.1
    endloop
  endfacet
  facet normal 0 0 1
    outer loop
      vertex -8.33035 -11.3889 21.1
      vertex -8.61271 -13.2933 21.1
      vertex -8.13137 -11.6314 21.1
    endloop
  endfacet
  facet normal 0 0 1
    outer loop
      vertex -10.2254 -10.5 21.1
      vertex -8.33035 -11.3889 21.1
      vertex -8.47821 -11.1123 21.1
    endloop
  endfacet
  facet normal 0 0 1
    outer loop
      vertex -10.2254 -10.5 21.1
      vertex -8.47821 -11.1123 21.1
      vertex -8.56926 -10.8121 21.1
    endloop
  endfacet
  facet normal -0 0 1
    outer loop
      vertex -10.2254 -10.5 21.1
      vertex -8.56926 -10.8121 21.1
      vertex -8.6 -10.5 21.1
    endloop
  endfacet
  facet normal 0 0 1
    outer loop
      vertex -8.56926 -10.1879 21.1
      vertex -10.2254 -10.5 21.1
      vertex -8.6 -10.5 21.1
    endloop
  endfacet
  facet normal 0 0 1
    outer loop
      vertex -8.33035 -11.3889 21.1
      vertex -10.2254 -10.5 21.1
      vertex -8.61271 -13.2933 21.1
    endloop
  endfacet
  facet normal 0.866025 -0.5 0
    outer loop
      vertex -10.2254 -10.5 23
      vertex -8.61271 -7.7067 21.1
      vertex -8.61271 -7.7067 23
    endloop
  endfacet
  facet normal 0.866025 -0.5 0
    outer loop
      vertex -8.61271 -7.7067 21.1
      vertex -10.2254 -10.5 23
      vertex -10.2254 -10.5 21.1
    endloop
  endfacet
  facet normal 0 -1 0
    outer loop
      vertex -8.61271 -7.7067 21.1
      vertex -5.38729 -7.7067 23
      vertex -8.61271 -7.7067 23
    endloop
  endfacet
  facet normal 0 -1 -0
    outer loop
      vertex -5.38729 -7.7067 23
      vertex -8.61271 -7.7067 21.1
      vertex -5.38729 -7.7067 21.1
    endloop
  endfacet
  facet normal -0.866025 -0.5 0
    outer loop
      vertex -3.77457 -10.5 21.1
      vertex -5.38729 -7.7067 23
      vertex -5.38729 -7.7067 21.1
    endloop
  endfacet
  facet normal -0.866025 -0.5 0
    outer loop
      vertex -5.38729 -7.7067 23
      vertex -3.77457 -10.5 21.1
      vertex -3.77457 -10.5 23
    endloop
  endfacet
  facet normal -1 0 0
    outer loop
      vertex -7 -15 3.33067e-015
      vertex -7 -12.1 5.37348e-015
      vertex -7 -12.1 2.68674e-015
    endloop
  endfacet
  facet normal -1 -0 0
    outer loop
      vertex -7 -12.1 5.37348e-015
      vertex -7 -15 3.33067e-015
      vertex -7 -15 6.66134e-015
    endloop
  endfacet
  facet normal -1 0 0
    outer loop
      vertex -7 -8.9 1.9762e-015
      vertex -7 -5 2.22045e-015
      vertex -7 -5 1.11022e-015
    endloop
  endfacet
  facet normal -1 -0 0
    outer loop
      vertex -7 -5 2.22045e-015
      vertex -7 -8.9 1.9762e-015
      vertex -7 -8.9 3.95239e-015
    endloop
  endfacet
  facet normal 0 -1 0
    outer loop
      vertex -7 -15 6.66134e-015
      vertex 4 -15 4.9
      vertex -7 -15 4.9
    endloop
  endfacet
  facet normal 0 -1 0
    outer loop
      vertex 4 -15 3.33067e-015
      vertex -7 -15 6.66134e-015
      vertex -7 -15 3.33067e-015
    endloop
  endfacet
  facet normal 0 -1 0
    outer loop
      vertex -7 -15 6.66134e-015
      vertex 4 -15 3.33067e-015
      vertex 4 -15 4.9
    endloop
  endfacet
  facet normal 1 -0 0
    outer loop
      vertex 4 -15 4.9
      vertex 4 -5 1.11022e-015
      vertex 4 -5 4.9
    endloop
  endfacet
  facet normal 1 0 0
    outer loop
      vertex 4 -5 1.11022e-015
      vertex 4 -15 4.9
      vertex 4 -15 3.33067e-015
    endloop
  endfacet
  facet normal 2.17087e-022 1 -2.22045e-016
    outer loop
      vertex 40 1.46549e-015 13.1
      vertex 40 2.22045e-015 16.5
      vertex 40.9755 2.19911e-015 16.4039
    endloop
  endfacet
  facet normal 0 1 -2.22045e-016
    outer loop
      vertex 0 2.22045e-015 16.5
      vertex -14 3.66374e-015 23
      vertex 0 3.66374e-015 23
    endloop
  endfacet
  facet normal -4.07665e-022 1 -2.22044e-016
    outer loop
      vertex 40.3121 1.45867e-015 13.0693
      vertex 40.9755 2.19911e-015 16.4039
      vertex 41.9134 2.13594e-015 16.1194
    endloop
  endfacet
  facet normal 1.71061e-022 1 -2.22045e-016
    outer loop
      vertex 40.6123 1.43845e-015 12.9782
      vertex 41.9134 2.13594e-015 16.1194
      vertex 42.7779 2.03334e-015 15.6573
    endloop
  endfacet
  facet normal 0 1 -2.22045e-016
    outer loop
      vertex 40.8889 1.40562e-015 12.8304
      vertex 42.7779 2.03334e-015 15.6573
      vertex 43.5355 1.89527e-015 15.0355
    endloop
  endfacet
  facet normal 0 1 -2.22045e-016
    outer loop
      vertex 41.1314 1.36144e-015 12.6314
      vertex 43.5355 1.89527e-015 15.0355
      vertex 44.1573 1.72703e-015 14.2779
    endloop
  endfacet
  facet normal 0 1 -2.22045e-016
    outer loop
      vertex 41.3304 1.3076e-015 12.3889
      vertex 44.1573 1.72703e-015 14.2779
      vertex 44.6194 1.53509e-015 13.4134
    endloop
  endfacet
  facet normal 0 1 -2.22045e-016
    outer loop
      vertex 40 2.22045e-015 16.5
      vertex 40 1.46549e-015 13.1
      vertex 0 2.22045e-015 16.5
    endloop
  endfacet
  facet normal 0 1 -2.22045e-016
    outer loop
      vertex 0 1.46549e-015 13.1
      vertex 0 2.22045e-015 16.5
      vertex 40 1.46549e-015 13.1
    endloop
  endfacet
  facet normal 0 1 -2.22045e-016
    outer loop
      vertex -0.312144 1.45867e-015 13.0693
      vertex 0 2.22045e-015 16.5
      vertex 0 1.46549e-015 13.1
    endloop
  endfacet
  facet normal 0 1 -2.22045e-016
    outer loop
      vertex -0.612293 1.43845e-015 12.9782
      vertex 0 2.22045e-015 16.5
      vertex -0.312144 1.45867e-015 13.0693
    endloop
  endfacet
  facet normal 0 1 -2.22045e-016
    outer loop
      vertex -0.888912 1.40562e-015 12.8304
      vertex 0 2.22045e-015 16.5
      vertex -0.612293 1.43845e-015 12.9782
    endloop
  endfacet
  facet normal 0 1 -2.22045e-016
    outer loop
      vertex -1.13137 1.36144e-015 12.6314
      vertex 0 2.22045e-015 16.5
      vertex -0.888912 1.40562e-015 12.8304
    endloop
  endfacet
  facet normal 0 1 -2.22045e-016
    outer loop
      vertex -1.33035 1.3076e-015 12.3889
      vertex 0 2.22045e-015 16.5
      vertex -1.13137 1.36144e-015 12.6314
    endloop
  endfacet
  facet normal 0 1 -2.22045e-016
    outer loop
      vertex 0 2.22045e-015 16.5
      vertex -1.33035 1.3076e-015 12.3889
      vertex -14 3.66374e-015 23
    endloop
  endfacet
  facet normal 0 1 -2.22045e-016
    outer loop
      vertex -1.47821 1.24618e-015 12.1123
      vertex -14 3.66374e-015 23
      vertex -1.33035 1.3076e-015 12.3889
    endloop
  endfacet
  facet normal 0 1 -2.22045e-016
    outer loop
      vertex -1.56926 1.17953e-015 11.8121
      vertex -14 3.66374e-015 23
      vertex -1.47821 1.24618e-015 12.1123
    endloop
  endfacet
  facet normal 0 1 -2.22045e-016
    outer loop
      vertex -1.6 1.11022e-015 11.5
      vertex -14 3.66374e-015 23
      vertex -1.56926 1.17953e-015 11.8121
    endloop
  endfacet
  facet normal 0 1 -2.22045e-016
    outer loop
      vertex -14 -1.44329e-015 0
      vertex -1.6 1.11022e-015 11.5
      vertex -1.56926 1.04091e-015 11.1879
    endloop
  endfacet
  facet normal 0 1 -2.22045e-016
    outer loop
      vertex -14 -1.44329e-015 0
      vertex -1.56926 1.04091e-015 11.1879
      vertex -1.47821 9.74266e-016 10.8877
    endloop
  endfacet
  facet normal 0 1 -2.22045e-016
    outer loop
      vertex -14 -1.44329e-015 0
      vertex -1.47821 9.74266e-016 10.8877
      vertex -1.33035 9.12845e-016 10.6111
    endloop
  endfacet
  facet normal 0 1 -2.22045e-016
    outer loop
      vertex -14 -1.44329e-015 0
      vertex -1.33035 9.12845e-016 10.6111
      vertex -1.13137 8.59008e-016 10.3686
    endloop
  endfacet
  facet normal 0 1 -2.22045e-016
    outer loop
      vertex 41.9134 8.45106e-017 6.8806
      vertex 40.6123 7.81995e-016 10.0218
      vertex 42.7779 1.87106e-016 7.34265
    endloop
  endfacet
  facet normal 0 1 -2.22045e-016
    outer loop
      vertex 40.6123 7.81995e-016 10.0218
      vertex 41.9134 8.45106e-017 6.8806
      vertex 40.3121 7.61778e-016 9.93074
    endloop
  endfacet
  facet normal 0 1 -2.22045e-016
    outer loop
      vertex 40.9755 2.13325e-017 6.59607
      vertex 40.3121 7.61778e-016 9.93074
      vertex 41.9134 8.45106e-017 6.8806
    endloop
  endfacet
  facet normal 0 1 -2.22045e-016
    outer loop
      vertex 40.3121 7.61778e-016 9.93074
      vertex 40.9755 2.13325e-017 6.59607
      vertex 40 7.54952e-016 9.9
    endloop
  endfacet
  facet normal 0 1 -2.22045e-016
    outer loop
      vertex 40 7.54952e-016 9.9
      vertex 40.9755 2.13325e-017 6.59607
      vertex 40 0 6.5
    endloop
  endfacet
  facet normal 0 1 -2.22045e-016
    outer loop
      vertex 40 7.54952e-016 9.9
      vertex 40 0 6.5
      vertex 39 0 6.5
    endloop
  endfacet
  facet normal 0 1 -2.22045e-016
    outer loop
      vertex 40 7.54952e-016 9.9
      vertex 39 0 6.5
      vertex 0 7.54952e-016 9.9
    endloop
  endfacet
  facet normal 0 1 -2.22045e-016
    outer loop
      vertex 39 -1.44329e-015 0
      vertex 0 7.54952e-016 9.9
      vertex 39 0 6.5
    endloop
  endfacet
  facet normal 0 1 -2.22045e-016
    outer loop
      vertex -14 -1.44329e-015 0
      vertex 0 7.54952e-016 9.9
      vertex 39 -1.44329e-015 0
    endloop
  endfacet
  facet normal 0 1 -2.22045e-016
    outer loop
      vertex -1.6 1.11022e-015 11.5
      vertex -14 -1.44329e-015 0
      vertex -14 3.66374e-015 23
    endloop
  endfacet
  facet normal 0 1 -2.22045e-016
    outer loop
      vertex -0.888912 8.14826e-016 10.1696
      vertex -14 -1.44329e-015 0
      vertex -1.13137 8.59008e-016 10.3686
    endloop
  endfacet
  facet normal 0 1 -2.22045e-016
    outer loop
      vertex -0.612293 7.81995e-016 10.0218
      vertex -14 -1.44329e-015 0
      vertex -0.888912 8.14826e-016 10.1696
    endloop
  endfacet
  facet normal 0 1 -2.22045e-016
    outer loop
      vertex -0.312144 7.61778e-016 9.93074
      vertex -14 -1.44329e-015 0
      vertex -0.612293 7.81995e-016 10.0218
    endloop
  endfacet
  facet normal 0 1 -2.22045e-016
    outer loop
      vertex 0 7.54952e-016 9.9
      vertex -14 -1.44329e-015 0
      vertex -0.312144 7.61778e-016 9.93074
    endloop
  endfacet
  facet normal 6.13422e-024 1 -2.22045e-016
    outer loop
      vertex 40.9755 2.19911e-015 16.4039
      vertex 40.3121 1.45867e-015 13.0693
      vertex 40 1.46549e-015 13.1
    endloop
  endfacet
  facet normal -1.8167e-023 1 -2.22045e-016
    outer loop
      vertex 41.9134 2.13594e-015 16.1194
      vertex 40.6123 1.43845e-015 12.9782
      vertex 40.3121 1.45867e-015 13.0693
    endloop
  endfacet
  facet normal 0 1 -2.22045e-016
    outer loop
      vertex 42.7779 2.03334e-015 15.6573
      vertex 40.8889 1.40562e-015 12.8304
      vertex 40.6123 1.43845e-015 12.9782
    endloop
  endfacet
  facet normal 0 1 -2.22045e-016
    outer loop
      vertex 43.5355 1.89527e-015 15.0355
      vertex 41.1314 1.36144e-015 12.6314
      vertex 40.8889 1.40562e-015 12.8304
    endloop
  endfacet
  facet normal 0 1 -2.22045e-016
    outer loop
      vertex 41.4782 1.24618e-015 12.1123
      vertex 44.6194 1.53509e-015 13.4134
      vertex 44.9039 1.32682e-015 12.4755
    endloop
  endfacet
  facet normal 0 1 -2.22045e-016
    outer loop
      vertex 44.1573 1.72703e-015 14.2779
      vertex 41.3304 1.3076e-015 12.3889
      vertex 41.1314 1.36144e-015 12.6314
    endloop
  endfacet
  facet normal 0 1 -2.22045e-016
    outer loop
      vertex 44.6194 1.53509e-015 13.4134
      vertex 41.4782 1.24618e-015 12.1123
      vertex 41.3304 1.3076e-015 12.3889
    endloop
  endfacet
  facet normal 0 1 -2.22045e-016
    outer loop
      vertex 44.9039 1.32682e-015 12.4755
      vertex 41.5693 1.17953e-015 11.8121
      vertex 41.4782 1.24618e-015 12.1123
    endloop
  endfacet
  facet normal 0 1 -2.22045e-016
    outer loop
      vertex 45 1.11022e-015 11.5
      vertex 41.5693 1.17953e-015 11.8121
      vertex 44.9039 1.32682e-015 12.4755
    endloop
  endfacet
  facet normal 0 1 -2.22045e-016
    outer loop
      vertex 45 1.11022e-015 11.5
      vertex 41.6 1.11022e-015 11.5
      vertex 41.5693 1.17953e-015 11.8121
    endloop
  endfacet
  facet normal 0 1 -2.22045e-016
    outer loop
      vertex 45 1.11022e-015 11.5
      vertex 41.5693 1.04091e-015 11.1879
      vertex 41.6 1.11022e-015 11.5
    endloop
  endfacet
  facet normal 0 1 -2.22045e-016
    outer loop
      vertex 44.9039 8.93629e-016 10.5245
      vertex 41.5693 1.04091e-015 11.1879
      vertex 45 1.11022e-015 11.5
    endloop
  endfacet
  facet normal 0 1 -2.22045e-016
    outer loop
      vertex 41.5693 1.04091e-015 11.1879
      vertex 44.9039 8.93629e-016 10.5245
      vertex 41.4782 9.74266e-016 10.8877
    endloop
  endfacet
  facet normal 0 1 -2.22045e-016
    outer loop
      vertex 44.6194 6.85359e-016 9.58658
      vertex 41.4782 9.74266e-016 10.8877
      vertex 44.9039 8.93629e-016 10.5245
    endloop
  endfacet
  facet normal 0 1 -2.22045e-016
    outer loop
      vertex 41.4782 9.74266e-016 10.8877
      vertex 44.6194 6.85359e-016 9.58658
      vertex 41.3304 9.12845e-016 10.6111
    endloop
  endfacet
  facet normal 0 1 -2.22045e-016
    outer loop
      vertex 44.1573 4.93416e-016 8.72215
      vertex 41.3304 9.12845e-016 10.6111
      vertex 44.6194 6.85359e-016 9.58658
    endloop
  endfacet
  facet normal 0 1 -2.22045e-016
    outer loop
      vertex 41.3304 9.12845e-016 10.6111
      vertex 44.1573 4.93416e-016 8.72215
      vertex 41.1314 8.59008e-016 10.3686
    endloop
  endfacet
  facet normal 0 1 -2.22045e-016
    outer loop
      vertex 43.5355 3.25177e-016 7.96447
      vertex 41.1314 8.59008e-016 10.3686
      vertex 44.1573 4.93416e-016 8.72215
    endloop
  endfacet
  facet normal 0 1 -2.22045e-016
    outer loop
      vertex 40.8889 8.14826e-016 10.1696
      vertex 42.7779 1.87106e-016 7.34265
      vertex 40.6123 7.81995e-016 10.0218
    endloop
  endfacet
  facet normal 0 1 -2.22045e-016
    outer loop
      vertex 42.7779 1.87106e-016 7.34265
      vertex 40.8889 8.14826e-016 10.1696
      vertex 43.5355 3.25177e-016 7.96447
    endloop
  endfacet
  facet normal 0 1 -2.22045e-016
    outer loop
      vertex 41.1314 8.59008e-016 10.3686
      vertex 43.5355 3.25177e-016 7.96447
      vertex 40.8889 8.14826e-016 10.1696
    endloop
  endfacet
  facet normal 0 -2.22045e-016 -1
    outer loop
      vertex 4 -15 3.33067e-015
      vertex 3.1 -10.5 2.33147e-015
      vertex 4 -5 1.11022e-015
    endloop
  endfacet
  facet normal 0 -2.22045e-016 -1
    outer loop
      vertex 4 -15 3.33067e-015
      vertex 3.07886 -10.7146 2.37912e-015
      vertex 3.1 -10.5 2.33147e-015
    endloop
  endfacet
  facet normal 0 -2.22045e-016 -1
    outer loop
      vertex 4 -15 3.33067e-015
      vertex 3.01627 -10.921 2.42494e-015
      vertex 3.07886 -10.7146 2.37912e-015
    endloop
  endfacet
  facet normal 0 -2.22045e-016 -1
    outer loop
      vertex 4 -15 3.33067e-015
      vertex 2.91462 -11.1111 2.46717e-015
      vertex 3.01627 -10.921 2.42494e-015
    endloop
  endfacet
  facet normal 0 -2.22045e-016 -1
    outer loop
      vertex 4 -15 3.33067e-015
      vertex 2.77782 -11.2778 2.50418e-015
      vertex 2.91462 -11.1111 2.46717e-015
    endloop
  endfacet
  facet normal 0 -2.22045e-016 -1
    outer loop
      vertex 4 -15 3.33067e-015
      vertex 2.61113 -11.4146 2.53455e-015
      vertex 2.77782 -11.2778 2.50418e-015
    endloop
  endfacet
  facet normal 0 -2.22045e-016 -1
    outer loop
      vertex 4 -15 3.33067e-015
      vertex 2.42095 -11.5163 2.55712e-015
      vertex 2.61113 -11.4146 2.53455e-015
    endloop
  endfacet
  facet normal 0 -2.22045e-016 -1
    outer loop
      vertex 4 -15 3.33067e-015
      vertex 2.2146 -11.5789 2.57102e-015
      vertex 2.42095 -11.5163 2.55712e-015
    endloop
  endfacet
  facet normal 0 -2.22045e-016 -1
    outer loop
      vertex 4 -15 3.33067e-015
      vertex 2 -11.6 2.57572e-015
      vertex 2.2146 -11.5789 2.57102e-015
    endloop
  endfacet
  facet normal 0 -2.22045e-016 -1
    outer loop
      vertex 4 -15 3.33067e-015
      vertex 1.7854 -11.5789 2.57102e-015
      vertex 2 -11.6 2.57572e-015
    endloop
  endfacet
  facet normal 0 -2.22045e-016 -1
    outer loop
      vertex 4 -15 3.33067e-015
      vertex 1.57905 -11.5163 2.55712e-015
      vertex 1.7854 -11.5789 2.57102e-015
    endloop
  endfacet
  facet normal 0 -2.22045e-016 -1
    outer loop
      vertex 4 -15 3.33067e-015
      vertex 1.38887 -11.4146 2.53455e-015
      vertex 1.57905 -11.5163 2.55712e-015
    endloop
  endfacet
  facet normal 0 -2.22045e-016 -1
    outer loop
      vertex -7 -15 3.33067e-015
      vertex 1.38887 -11.4146 2.53455e-015
      vertex 4 -15 3.33067e-015
    endloop
  endfacet
  facet normal 0 -2.22045e-016 -1
    outer loop
      vertex 1.38887 -11.4146 2.53455e-015
      vertex -7 -15 3.33067e-015
      vertex 1.22218 -11.2778 2.50418e-015
    endloop
  endfacet
  facet normal 0 -2.22045e-016 -1
    outer loop
      vertex 0.921136 -10.7146 2.37912e-015
      vertex -5.4 -10.5 2.33147e-015
      vertex 0.9 -10.5 2.33147e-015
    endloop
  endfacet
  facet normal 0 -2.22045e-016 -1
    outer loop
      vertex -5.43074 -10.8121 2.40078e-015
      vertex 0.921136 -10.7146 2.37912e-015
      vertex 0.983732 -10.921 2.42494e-015
    endloop
  endfacet
  facet normal 0 -2.22045e-016 -1
    outer loop
      vertex -5.52179 -11.1123 2.46742e-015
      vertex 0.983732 -10.921 2.42494e-015
      vertex 1.08538 -11.1111 2.46717e-015
    endloop
  endfacet
  facet normal 0 -2.22045e-016 -1
    outer loop
      vertex -5.86863 -11.6314 2.58268e-015
      vertex 1.22218 -11.2778 2.50418e-015
      vertex -7 -15 3.33067e-015
    endloop
  endfacet
  facet normal 0 -2.22045e-016 -1
    outer loop
      vertex 0.921136 -10.7146 2.37912e-015
      vertex -5.43074 -10.8121 2.40078e-015
      vertex -5.4 -10.5 2.33147e-015
    endloop
  endfacet
  facet normal 0 -2.22045e-016 -1
    outer loop
      vertex 0.983732 -10.921 2.42494e-015
      vertex -5.52179 -11.1123 2.46742e-015
      vertex -5.43074 -10.8121 2.40078e-015
    endloop
  endfacet
  facet normal 0 -2.22045e-016 -1
    outer loop
      vertex 1.08538 -11.1111 2.46717e-015
      vertex -5.66965 -11.3889 2.52885e-015
      vertex -5.52179 -11.1123 2.46742e-015
    endloop
  endfacet
  facet normal 0 -2.22045e-016 -1
    outer loop
      vertex 1.22218 -11.2778 2.50418e-015
      vertex -5.66965 -11.3889 2.52885e-015
      vertex 1.08538 -11.1111 2.46717e-015
    endloop
  endfacet
  facet normal 0 -2.22045e-016 -1
    outer loop
      vertex -5.66965 -11.3889 2.52885e-015
      vertex 1.22218 -11.2778 2.50418e-015
      vertex -5.86863 -11.6314 2.58268e-015
    endloop
  endfacet
  facet normal 0 -2.22045e-016 -1
    outer loop
      vertex -5.86863 -11.6314 2.58268e-015
      vertex -7 -15 3.33067e-015
      vertex -6.11109 -11.8304 2.62687e-015
    endloop
  endfacet
  facet normal 0 -2.22045e-016 -1
    outer loop
      vertex -6.11109 -11.8304 2.62687e-015
      vertex -7 -15 3.33067e-015
      vertex -6.38771 -11.9782 2.6597e-015
    endloop
  endfacet
  facet normal 0 -2.22045e-016 -1
    outer loop
      vertex -6.38771 -11.9782 2.6597e-015
      vertex -7 -15 3.33067e-015
      vertex -6.68786 -12.0693 2.67991e-015
    endloop
  endfacet
  facet normal 0 -2.22045e-016 -1
    outer loop
      vertex -6.68786 -12.0693 2.67991e-015
      vertex -7 -15 3.33067e-015
      vertex -7 -12.1 2.68674e-015
    endloop
  endfacet
  facet normal 0 -2.22045e-016 -1
    outer loop
      vertex 30.5789 -10.2854 2.28382e-015
      vertex 39 -15 3.33067e-015
      vertex 30.6 -10.5 2.33147e-015
    endloop
  endfacet
  facet normal 0 -2.22045e-016 -1
    outer loop
      vertex 39 -15 3.33067e-015
      vertex 30.5789 -10.7146 2.37912e-015
      vertex 30.6 -10.5 2.33147e-015
    endloop
  endfacet
  facet normal 0 -2.22045e-016 -1
    outer loop
      vertex 39 -15 3.33067e-015
      vertex 30.5163 -10.921 2.42494e-015
      vertex 30.5789 -10.7146 2.37912e-015
    endloop
  endfacet
  facet normal 0 -2.22045e-016 -1
    outer loop
      vertex 39 -15 3.33067e-015
      vertex 30.4146 -11.1111 2.46717e-015
      vertex 30.5163 -10.921 2.42494e-015
    endloop
  endfacet
  facet normal 0 -2.22045e-016 -1
    outer loop
      vertex 39 -15 3.33067e-015
      vertex 30.2778 -11.2778 2.50418e-015
      vertex 30.4146 -11.1111 2.46717e-015
    endloop
  endfacet
  facet normal 0 -2.22045e-016 -1
    outer loop
      vertex 39 -15 3.33067e-015
      vertex 30.1111 -11.4146 2.53455e-015
      vertex 30.2778 -11.2778 2.50418e-015
    endloop
  endfacet
  facet normal 0 -2.22045e-016 -1
    outer loop
      vertex 27.5 -15 3.33067e-015
      vertex 30.1111 -11.4146 2.53455e-015
      vertex 39 -15 3.33067e-015
    endloop
  endfacet
  facet normal 0 -2.22045e-016 -1
    outer loop
      vertex 30.1111 -11.4146 2.53455e-015
      vertex 27.5 -15 3.33067e-015
      vertex 29.921 -11.5163 2.55712e-015
    endloop
  endfacet
  facet normal 0 -2.22045e-016 -1
    outer loop
      vertex 29.921 -11.5163 2.55712e-015
      vertex 27.5 -15 3.33067e-015
      vertex 29.7146 -11.5789 2.57102e-015
    endloop
  endfacet
  facet normal 0 -2.22045e-016 -1
    outer loop
      vertex 29.7146 -11.5789 2.57102e-015
      vertex 27.5 -15 3.33067e-015
      vertex 29.5 -11.6 2.57572e-015
    endloop
  endfacet
  facet normal 0 -2.22045e-016 -1
    outer loop
      vertex 29.5 -11.6 2.57572e-015
      vertex 27.5 -15 3.33067e-015
      vertex 29.2854 -11.5789 2.57102e-015
    endloop
  endfacet
  facet normal 0 -2.22045e-016 -1
    outer loop
      vertex 28.4211 -10.7146 2.37912e-015
      vertex 27.5 -15 3.33067e-015
      vertex 28.4 -10.5 2.33147e-015
    endloop
  endfacet
  facet normal 0 -2.22045e-016 -1
    outer loop
      vertex 28.4837 -10.921 2.42494e-015
      vertex 27.5 -15 3.33067e-015
      vertex 28.4211 -10.7146 2.37912e-015
    endloop
  endfacet
  facet normal 0 -2.22045e-016 -1
    outer loop
      vertex 28.5854 -11.1111 2.46717e-015
      vertex 27.5 -15 3.33067e-015
      vertex 28.4837 -10.921 2.42494e-015
    endloop
  endfacet
  facet normal 0 -2.22045e-016 -1
    outer loop
      vertex 28.7222 -11.2778 2.50418e-015
      vertex 27.5 -15 3.33067e-015
      vertex 28.5854 -11.1111 2.46717e-015
    endloop
  endfacet
  facet normal 0 -2.22045e-016 -1
    outer loop
      vertex 28.8889 -11.4146 2.53455e-015
      vertex 27.5 -15 3.33067e-015
      vertex 28.7222 -11.2778 2.50418e-015
    endloop
  endfacet
  facet normal 0 -2.22045e-016 -1
    outer loop
      vertex 29.079 -11.5163 2.55712e-015
      vertex 27.5 -15 3.33067e-015
      vertex 28.8889 -11.4146 2.53455e-015
    endloop
  endfacet
  facet normal 0 -2.22045e-016 -1
    outer loop
      vertex 29.2854 -11.5789 2.57102e-015
      vertex 27.5 -15 3.33067e-015
      vertex 29.079 -11.5163 2.55712e-015
    endloop
  endfacet
  facet normal 0 -2.22045e-016 -1
    outer loop
      vertex 30.5163 -10.079 2.238e-015
      vertex 39 -15 3.33067e-015
      vertex 30.5789 -10.2854 2.28382e-015
    endloop
  endfacet
  facet normal -2.4796e-032 -2.22045e-016 -1
    outer loop
      vertex 39 -15 3.33067e-015
      vertex 30.5163 -10.079 2.238e-015
      vertex 39 -1.44329e-015 0
    endloop
  endfacet
  facet normal -3.73805e-032 -2.22045e-016 -1
    outer loop
      vertex 30.4146 -9.88887 2.19577e-015
      vertex 39 -1.44329e-015 0
      vertex 30.5163 -10.079 2.238e-015
    endloop
  endfacet
  facet normal -1.77104e-032 -2.22045e-016 -1
    outer loop
      vertex 30.2778 -9.72218 2.15876e-015
      vertex 39 -1.44329e-015 0
      vertex 30.4146 -9.88887 2.19577e-015
    endloop
  endfacet
  facet normal -1.75222e-032 -2.22045e-016 -1
    outer loop
      vertex 30.1111 -9.58538 2.12838e-015
      vertex 39 -1.44329e-015 0
      vertex 30.2778 -9.72218 2.15876e-015
    endloop
  endfacet
  facet normal 0 -2.22045e-016 -1
    outer loop
      vertex 27.5 -5 1.11022e-015
      vertex 30.1111 -9.58538 2.12838e-015
      vertex 29.921 -9.48373 2.10581e-015
    endloop
  endfacet
  facet normal 0 -2.22045e-016 -1
    outer loop
      vertex 27.5 -5 1.11022e-015
      vertex 29.921 -9.48373 2.10581e-015
      vertex 29.7146 -9.42114 2.09191e-015
    endloop
  endfacet
  facet normal 0 -2.22045e-016 -1
    outer loop
      vertex 27.5 -5 1.11022e-015
      vertex 29.7146 -9.42114 2.09191e-015
      vertex 29.5 -9.4 2.08722e-015
    endloop
  endfacet
  facet normal 0 -2.22045e-016 -1
    outer loop
      vertex 27.5 -5 1.11022e-015
      vertex 29.5 -9.4 2.08722e-015
      vertex 29.2854 -9.42114 2.09191e-015
    endloop
  endfacet
  facet normal 0 -2.22045e-016 -1
    outer loop
      vertex 27.5 -5 1.11022e-015
      vertex 29.2854 -9.42114 2.09191e-015
      vertex 29.079 -9.48373 2.10581e-015
    endloop
  endfacet
  facet normal 0 -2.22045e-016 -1
    outer loop
      vertex 27.5 -5 1.11022e-015
      vertex 29.079 -9.48373 2.10581e-015
      vertex 28.8889 -9.58538 2.12838e-015
    endloop
  endfacet
  facet normal 0 -2.22045e-016 -1
    outer loop
      vertex 27.5 -5 1.11022e-015
      vertex 28.8889 -9.58538 2.12838e-015
      vertex 28.7222 -9.72218 2.15876e-015
    endloop
  endfacet
  facet normal 0 -2.22045e-016 -1
    outer loop
      vertex 27.5 -5 1.11022e-015
      vertex 28.4 -10.5 2.33147e-015
      vertex 27.5 -15 3.33067e-015
    endloop
  endfacet
  facet normal 0 -2.22045e-016 -1
    outer loop
      vertex 28.4 -10.5 2.33147e-015
      vertex 27.5 -5 1.11022e-015
      vertex 28.4211 -10.2854 2.28382e-015
    endloop
  endfacet
  facet normal 0 -2.22045e-016 -1
    outer loop
      vertex 27.5 -5 1.11022e-015
      vertex 28.4837 -10.079 2.238e-015
      vertex 28.4211 -10.2854 2.28382e-015
    endloop
  endfacet
  facet normal 0 -2.22045e-016 -1
    outer loop
      vertex 27.5 -5 1.11022e-015
      vertex 28.5854 -9.88887 2.19577e-015
      vertex 28.4837 -10.079 2.238e-015
    endloop
  endfacet
  facet normal 0 -2.22045e-016 -1
    outer loop
      vertex 27.5 -5 1.11022e-015
      vertex 28.7222 -9.72218 2.15876e-015
      vertex 28.5854 -9.88887 2.19577e-015
    endloop
  endfacet
  facet normal -2.39821e-032 -2.22045e-016 -1
    outer loop
      vertex 30.1111 -9.58538 2.12838e-015
      vertex 27.5 -5 1.11022e-015
      vertex 39 -1.44329e-015 0
    endloop
  endfacet
  facet normal 0 -2.22045e-016 -1
    outer loop
      vertex 4 -5 1.11022e-015
      vertex 39 -1.44329e-015 0
      vertex 27.5 -5 1.11022e-015
    endloop
  endfacet
  facet normal 0 -2.22045e-016 -1
    outer loop
      vertex 3.07886 -10.2854 2.28382e-015
      vertex 4 -5 1.11022e-015
      vertex 3.1 -10.5 2.33147e-015
    endloop
  endfacet
  facet normal 0 -2.22045e-016 -1
    outer loop
      vertex 3.01627 -10.079 2.238e-015
      vertex 4 -5 1.11022e-015
      vertex 3.07886 -10.2854 2.28382e-015
    endloop
  endfacet
  facet normal 0 -2.22045e-016 -1
    outer loop
      vertex 2.91462 -9.88887 2.19577e-015
      vertex 4 -5 1.11022e-015
      vertex 3.01627 -10.079 2.238e-015
    endloop
  endfacet
  facet normal 0 -2.22045e-016 -1
    outer loop
      vertex 2.77782 -9.72218 2.15876e-015
      vertex 4 -5 1.11022e-015
      vertex 2.91462 -9.88887 2.19577e-015
    endloop
  endfacet
  facet normal 0 -2.22045e-016 -1
    outer loop
      vertex 2.61113 -9.58538 2.12838e-015
      vertex 4 -5 1.11022e-015
      vertex 2.77782 -9.72218 2.15876e-015
    endloop
  endfacet
  facet normal 0 -2.22045e-016 -1
    outer loop
      vertex 2.42095 -9.48373 2.10581e-015
      vertex 4 -5 1.11022e-015
      vertex 2.61113 -9.58538 2.12838e-015
    endloop
  endfacet
  facet normal 0 -2.22045e-016 -1
    outer loop
      vertex 2.2146 -9.42114 2.09191e-015
      vertex 4 -5 1.11022e-015
      vertex 2.42095 -9.48373 2.10581e-015
    endloop
  endfacet
  facet normal 0 -2.22045e-016 -1
    outer loop
      vertex 2 -9.4 2.08722e-015
      vertex 4 -5 1.11022e-015
      vertex 2.2146 -9.42114 2.09191e-015
    endloop
  endfacet
  facet normal 0 -2.22045e-016 -1
    outer loop
      vertex 1.7854 -9.42114 2.09191e-015
      vertex 4 -5 1.11022e-015
      vertex 2 -9.4 2.08722e-015
    endloop
  endfacet
  facet normal 0 -2.22045e-016 -1
    outer loop
      vertex 1.57905 -9.48373 2.10581e-015
      vertex 4 -5 1.11022e-015
      vertex 1.7854 -9.42114 2.09191e-015
    endloop
  endfacet
  facet normal 0 -2.22045e-016 -1
    outer loop
      vertex 1.38887 -9.58538 2.12838e-015
      vertex 4 -5 1.11022e-015
      vertex 1.57905 -9.48373 2.10581e-015
    endloop
  endfacet
  facet normal 0 -2.22045e-016 -1
    outer loop
      vertex -7 -5 1.11022e-015
      vertex 1.38887 -9.58538 2.12838e-015
      vertex 1.22218 -9.72218 2.15876e-015
    endloop
  endfacet
  facet normal 0 -2.22045e-016 -1
    outer loop
      vertex -5.66965 -9.61109 2.13409e-015
      vertex 1.22218 -9.72218 2.15876e-015
      vertex 1.08538 -9.88887 2.19577e-015
    endloop
  endfacet
  facet normal 0 -2.22045e-016 -1
    outer loop
      vertex -5.4 -10.5 2.33147e-015
      vertex 0.921136 -10.2854 2.28382e-015
      vertex 0.9 -10.5 2.33147e-015
    endloop
  endfacet
  facet normal 0 -2.22045e-016 -1
    outer loop
      vertex -5.43074 -10.1879 2.26216e-015
      vertex 0.921136 -10.2854 2.28382e-015
      vertex -5.4 -10.5 2.33147e-015
    endloop
  endfacet
  facet normal 0 -2.22045e-016 -1
    outer loop
      vertex 0.921136 -10.2854 2.28382e-015
      vertex -5.43074 -10.1879 2.26216e-015
      vertex 0.983732 -10.079 2.238e-015
    endloop
  endfacet
  facet normal 0 -2.22045e-016 -1
    outer loop
      vertex -5.52179 -9.88771 2.19551e-015
      vertex 0.983732 -10.079 2.238e-015
      vertex -5.43074 -10.1879 2.26216e-015
    endloop
  endfacet
  facet normal 0 -2.22045e-016 -1
    outer loop
      vertex 0.983732 -10.079 2.238e-015
      vertex -5.52179 -9.88771 2.19551e-015
      vertex 1.08538 -9.88887 2.19577e-015
    endloop
  endfacet
  facet normal 0 -2.22045e-016 -1
    outer loop
      vertex -5.66965 -9.61109 2.13409e-015
      vertex 1.08538 -9.88887 2.19577e-015
      vertex -5.52179 -9.88771 2.19551e-015
    endloop
  endfacet
  facet normal 0 -2.22045e-016 -1
    outer loop
      vertex 1.22218 -9.72218 2.15876e-015
      vertex -5.66965 -9.61109 2.13409e-015
      vertex -5.86863 -9.36863 2.08025e-015
    endloop
  endfacet
  facet normal 0 -2.22045e-016 -1
    outer loop
      vertex 1.22218 -9.72218 2.15876e-015
      vertex -5.86863 -9.36863 2.08025e-015
      vertex -7 -5 1.11022e-015
    endloop
  endfacet
  facet normal 0 -2.22045e-016 -1
    outer loop
      vertex -7 -5 1.11022e-015
      vertex -5.86863 -9.36863 2.08025e-015
      vertex -6.11109 -9.16965 2.03607e-015
    endloop
  endfacet
  facet normal 0 -2.22045e-016 -1
    outer loop
      vertex -7 -5 1.11022e-015
      vertex -6.11109 -9.16965 2.03607e-015
      vertex -6.38771 -9.02179 2.00324e-015
    endloop
  endfacet
  facet normal 0 -2.22045e-016 -1
    outer loop
      vertex -7 -5 1.11022e-015
      vertex -6.38771 -9.02179 2.00324e-015
      vertex -6.68786 -8.93074 1.98302e-015
    endloop
  endfacet
  facet normal 0 -2.22045e-016 -1
    outer loop
      vertex -7 -5 1.11022e-015
      vertex -6.68786 -8.93074 1.98302e-015
      vertex -7 -8.9 1.9762e-015
    endloop
  endfacet
  facet normal 0 -2.22045e-016 -1
    outer loop
      vertex 1.38887 -9.58538 2.12838e-015
      vertex -7 -5 1.11022e-015
      vertex 4 -5 1.11022e-015
    endloop
  endfacet
  facet normal 0 -2.22045e-016 -1
    outer loop
      vertex -14 -1.44329e-015 0
      vertex 4 -5 1.11022e-015
      vertex -7 -5 1.11022e-015
    endloop
  endfacet
  facet normal 0 -2.22045e-016 -1
    outer loop
      vertex -14 -1.44329e-015 0
      vertex -7 -5 1.11022e-015
      vertex -14 -5 1.11022e-015
    endloop
  endfacet
  facet normal 0 -2.22045e-016 -1
    outer loop
      vertex 4 -5 1.11022e-015
      vertex -14 -1.44329e-015 0
      vertex 39 -1.44329e-015 0
    endloop
  endfacet
  facet normal 0 0 1
    outer loop
      vertex 4 -5 4.9
      vertex 3.1 -10.5 4.9
      vertex 4 -15 4.9
    endloop
  endfacet
  facet normal 0 0 1
    outer loop
      vertex 4 -5 4.9
      vertex 3.07886 -10.2854 4.9
      vertex 3.1 -10.5 4.9
    endloop
  endfacet
  facet normal 0 0 1
    outer loop
      vertex 4 -5 4.9
      vertex 3.01627 -10.079 4.9
      vertex 3.07886 -10.2854 4.9
    endloop
  endfacet
  facet normal 0 0 1
    outer loop
      vertex 4 -5 4.9
      vertex 2.91462 -9.88887 4.9
      vertex 3.01627 -10.079 4.9
    endloop
  endfacet
  facet normal 0 0 1
    outer loop
      vertex 4 -5 4.9
      vertex 2.77782 -9.72218 4.9
      vertex 2.91462 -9.88887 4.9
    endloop
  endfacet
  facet normal 0 0 1
    outer loop
      vertex 4 -5 4.9
      vertex 2.61113 -9.58538 4.9
      vertex 2.77782 -9.72218 4.9
    endloop
  endfacet
  facet normal 0 0 1
    outer loop
      vertex 4 -5 4.9
      vertex 2.42095 -9.48373 4.9
      vertex 2.61113 -9.58538 4.9
    endloop
  endfacet
  facet normal 0 0 1
    outer loop
      vertex 4 -5 4.9
      vertex 2.2146 -9.42114 4.9
      vertex 2.42095 -9.48373 4.9
    endloop
  endfacet
  facet normal 0 0 1
    outer loop
      vertex 4 -5 4.9
      vertex 2 -9.4 4.9
      vertex 2.2146 -9.42114 4.9
    endloop
  endfacet
  facet normal -0 0 1
    outer loop
      vertex 0 -8 4.9
      vertex 2 -9.4 4.9
      vertex 4 -5 4.9
    endloop
  endfacet
  facet normal 0 0 1
    outer loop
      vertex 2 -9.4 4.9
      vertex 0 -8 4.9
      vertex 1.7854 -9.42114 4.9
    endloop
  endfacet
  facet normal 0 0 1
    outer loop
      vertex 1.7854 -9.42114 4.9
      vertex 0 -8 4.9
      vertex 1.57905 -9.48373 4.9
    endloop
  endfacet
  facet normal 0 0 1
    outer loop
      vertex 1.57905 -9.48373 4.9
      vertex 0 -8 4.9
      vertex 1.38887 -9.58538 4.9
    endloop
  endfacet
  facet normal -0 0 1
    outer loop
      vertex -0.134502 -9.36563 4.9
      vertex 1.38887 -9.58538 4.9
      vertex 0 -8 4.9
    endloop
  endfacet
  facet normal 0 0 1
    outer loop
      vertex 1.08538 -9.88887 4.9
      vertex -0.134502 -9.36563 4.9
      vertex 0.983732 -10.079 4.9
    endloop
  endfacet
  facet normal 0 0 1
    outer loop
      vertex 1.22218 -9.72218 4.9
      vertex -0.134502 -9.36563 4.9
      vertex 1.08538 -9.88887 4.9
    endloop
  endfacet
  facet normal 0 0 1
    outer loop
      vertex 1.38887 -9.58538 4.9
      vertex -0.134502 -9.36563 4.9
      vertex 1.22218 -9.72218 4.9
    endloop
  endfacet
  facet normal 0 0 1
    outer loop
      vertex 0 -8 4.9
      vertex 4 -5 4.9
      vertex 0 -5 4.9
    endloop
  endfacet
  facet normal -0 0 1
    outer loop
      vertex 3.07886 -10.7146 4.9
      vertex 4 -15 4.9
      vertex 3.1 -10.5 4.9
    endloop
  endfacet
  facet normal -0 0 1
    outer loop
      vertex 3.01627 -10.921 4.9
      vertex 4 -15 4.9
      vertex 3.07886 -10.7146 4.9
    endloop
  endfacet
  facet normal -0 0 1
    outer loop
      vertex 2.91462 -11.1111 4.9
      vertex 4 -15 4.9
      vertex 3.01627 -10.921 4.9
    endloop
  endfacet
  facet normal -0 0 1
    outer loop
      vertex 2.77782 -11.2778 4.9
      vertex 4 -15 4.9
      vertex 2.91462 -11.1111 4.9
    endloop
  endfacet
  facet normal -0 0 1
    outer loop
      vertex 2.61113 -11.4146 4.9
      vertex 4 -15 4.9
      vertex 2.77782 -11.2778 4.9
    endloop
  endfacet
  facet normal -0 0 1
    outer loop
      vertex 2.42095 -11.5163 4.9
      vertex 4 -15 4.9
      vertex 2.61113 -11.4146 4.9
    endloop
  endfacet
  facet normal -0 0 1
    outer loop
      vertex 2.2146 -11.5789 4.9
      vertex 4 -15 4.9
      vertex 2.42095 -11.5163 4.9
    endloop
  endfacet
  facet normal -0 0 1
    outer loop
      vertex 2 -11.6 4.9
      vertex 4 -15 4.9
      vertex 2.2146 -11.5789 4.9
    endloop
  endfacet
  facet normal 0 0 1
    outer loop
      vertex 1.7854 -11.5789 4.9
      vertex 4 -15 4.9
      vertex 2 -11.6 4.9
    endloop
  endfacet
  facet normal 0 0 1
    outer loop
      vertex 1.57905 -11.5163 4.9
      vertex 4 -15 4.9
      vertex 1.7854 -11.5789 4.9
    endloop
  endfacet
  facet normal 0 0 1
    outer loop
      vertex -1.17971 -11.889 4.9
      vertex 1.57905 -11.5163 4.9
      vertex 1.38887 -11.4146 4.9
    endloop
  endfacet
  facet normal 0 0 1
    outer loop
      vertex -1.17971 -11.889 4.9
      vertex 1.38887 -11.4146 4.9
      vertex 1.22218 -11.2778 4.9
    endloop
  endfacet
  facet normal 0 0 1
    outer loop
      vertex -1.17971 -11.889 4.9
      vertex 1.22218 -11.2778 4.9
      vertex 1.08538 -11.1111 4.9
    endloop
  endfacet
  facet normal 0 0 1
    outer loop
      vertex 0.983732 -10.079 4.9
      vertex -0.134502 -9.36563 4.9
      vertex 0.921136 -10.2854 4.9
    endloop
  endfacet
  facet normal 0 0 1
    outer loop
      vertex -0.532843 -10.6788 4.9
      vertex 0.921136 -10.2854 4.9
      vertex -0.134502 -9.36563 4.9
    endloop
  endfacet
  facet normal 0 0 1
    outer loop
      vertex 0.921136 -10.2854 4.9
      vertex -0.532843 -10.6788 4.9
      vertex 0.9 -10.5 4.9
    endloop
  endfacet
  facet normal 0 0 1
    outer loop
      vertex 0.9 -10.5 4.9
      vertex -0.532843 -10.6788 4.9
      vertex 0.921136 -10.7146 4.9
    endloop
  endfacet
  facet normal 0 0 1
    outer loop
      vertex 0.921136 -10.7146 4.9
      vertex -0.532843 -10.6788 4.9
      vertex 0.983732 -10.921 4.9
    endloop
  endfacet
  facet normal 0 0 1
    outer loop
      vertex 0.983732 -10.921 4.9
      vertex -0.532843 -10.6788 4.9
      vertex 1.08538 -11.1111 4.9
    endloop
  endfacet
  facet normal 0 0 1
    outer loop
      vertex -1.17971 -11.889 4.9
      vertex 1.08538 -11.1111 4.9
      vertex -0.532843 -10.6788 4.9
    endloop
  endfacet
  facet normal 0 0 1
    outer loop
      vertex 1.57905 -11.5163 4.9
      vertex -1.17971 -11.889 4.9
      vertex -2.05025 -12.9497 4.9
    endloop
  endfacet
  facet normal 0 0 1
    outer loop
      vertex 1.57905 -11.5163 4.9
      vertex -2.05025 -12.9497 4.9
      vertex 4 -15 4.9
    endloop
  endfacet
  facet normal -0 0 1
    outer loop
      vertex -3.11101 -13.8203 4.9
      vertex 4 -15 4.9
      vertex -2.05025 -12.9497 4.9
    endloop
  endfacet
  facet normal -0 0 1
    outer loop
      vertex -4.32122 -14.4672 4.9
      vertex 4 -15 4.9
      vertex -3.11101 -13.8203 4.9
    endloop
  endfacet
  facet normal -0 0 1
    outer loop
      vertex -5.63437 -14.8655 4.9
      vertex 4 -15 4.9
      vertex -4.32122 -14.4672 4.9
    endloop
  endfacet
  facet normal 0 0 1
    outer loop
      vertex 4 -15 4.9
      vertex -5.63437 -14.8655 4.9
      vertex -7 -15 4.9
    endloop
  endfacet
  facet normal 0 0 0
    outer loop
      vertex 0 -5 4.9
      vertex 4 -5 4.9
      vertex -0.704536 -5 4.9
    endloop
  endfacet
  facet normal -0.995185 0.0980179 0
    outer loop
      vertex 3.07886 -10.7146 2.37912e-015
      vertex 3.1 -10.5 4.9
      vertex 3.1 -10.5 2.33147e-015
    endloop
  endfacet
  facet normal -0.995185 0.0980179 0
    outer loop
      vertex 3.1 -10.5 4.9
      vertex 3.07886 -10.7146 2.37912e-015
      vertex 3.07886 -10.7146 4.9
    endloop
  endfacet
  facet normal -0.95694 0.290285 0
    outer loop
      vertex 3.01627 -10.921 2.42494e-015
      vertex 3.07886 -10.7146 4.9
      vertex 3.07886 -10.7146 2.37912e-015
    endloop
  endfacet
  facet normal -0.95694 0.290285 0
    outer loop
      vertex 3.07886 -10.7146 4.9
      vertex 3.01627 -10.921 2.42494e-015
      vertex 3.01627 -10.921 4.9
    endloop
  endfacet
  facet normal 0.0980174 0.995185 -0
    outer loop
      vertex 2 -11.6 2.57572e-015
      vertex 1.7854 -11.5789 4.9
      vertex 2 -11.6 4.9
    endloop
  endfacet
  facet normal 0.0980174 0.995185 0
    outer loop
      vertex 1.7854 -11.5789 4.9
      vertex 2 -11.6 2.57572e-015
      vertex 1.7854 -11.5789 2.57102e-015
    endloop
  endfacet
  facet normal -0.634393 0.77301 0
    outer loop
      vertex 2.77782 -11.2778 4.9
      vertex 2.61113 -11.4146 2.53455e-015
      vertex 2.61113 -11.4146 4.9
    endloop
  endfacet
  facet normal -0.634393 0.77301 0
    outer loop
      vertex 2.61113 -11.4146 2.53455e-015
      vertex 2.77782 -11.2778 4.9
      vertex 2.77782 -11.2778 2.50418e-015
    endloop
  endfacet
  facet normal 0.471397 0.881921 -0
    outer loop
      vertex 1.57905 -11.5163 2.55712e-015
      vertex 1.38887 -11.4146 4.9
      vertex 1.57905 -11.5163 4.9
    endloop
  endfacet
  facet normal 0.471397 0.881921 0
    outer loop
      vertex 1.38887 -11.4146 4.9
      vertex 1.57905 -11.5163 2.55712e-015
      vertex 1.38887 -11.4146 2.53455e-015
    endloop
  endfacet
  facet normal -0.881921 -0.471397 0
    outer loop
      vertex 3.01627 -10.079 2.238e-015
      vertex 2.91462 -9.88887 4.9
      vertex 2.91462 -9.88887 2.19577e-015
    endloop
  endfacet
  facet normal -0.881921 -0.471397 0
    outer loop
      vertex 2.91462 -9.88887 4.9
      vertex 3.01627 -10.079 2.238e-015
      vertex 3.01627 -10.079 4.9
    endloop
  endfacet
  facet normal -0.881921 0.471397 0
    outer loop
      vertex 2.91462 -11.1111 2.46717e-015
      vertex 3.01627 -10.921 4.9
      vertex 3.01627 -10.921 2.42494e-015
    endloop
  endfacet
  facet normal -0.881921 0.471397 0
    outer loop
      vertex 3.01627 -10.921 4.9
      vertex 2.91462 -11.1111 2.46717e-015
      vertex 2.91462 -11.1111 4.9
    endloop
  endfacet
  facet normal -0.290285 0.95694 0
    outer loop
      vertex 2.42095 -11.5163 4.9
      vertex 2.2146 -11.5789 2.57102e-015
      vertex 2.2146 -11.5789 4.9
    endloop
  endfacet
  facet normal -0.290285 0.95694 0
    outer loop
      vertex 2.2146 -11.5789 2.57102e-015
      vertex 2.42095 -11.5163 4.9
      vertex 2.42095 -11.5163 2.55712e-015
    endloop
  endfacet
  facet normal -0.471397 0.881921 0
    outer loop
      vertex 2.61113 -11.4146 4.9
      vertex 2.42095 -11.5163 2.55712e-015
      vertex 2.42095 -11.5163 4.9
    endloop
  endfacet
  facet normal -0.471397 0.881921 0
    outer loop
      vertex 2.42095 -11.5163 2.55712e-015
      vertex 2.61113 -11.4146 4.9
      vertex 2.61113 -11.4146 2.53455e-015
    endloop
  endfacet
  facet normal 0.95694 0.290285 0
    outer loop
      vertex 0.983732 -10.921 4.9
      vertex 0.921136 -10.7146 2.37912e-015
      vertex 0.921136 -10.7146 4.9
    endloop
  endfacet
  facet normal 0.95694 0.290285 0
    outer loop
      vertex 0.921136 -10.7146 2.37912e-015
      vertex 0.983732 -10.921 4.9
      vertex 0.983732 -10.921 2.42494e-015
    endloop
  endfacet
  facet normal 0.881921 0.471397 0
    outer loop
      vertex 1.08538 -11.1111 4.9
      vertex 0.983732 -10.921 2.42494e-015
      vertex 0.983732 -10.921 4.9
    endloop
  endfacet
  facet normal 0.881921 0.471397 0
    outer loop
      vertex 0.983732 -10.921 2.42494e-015
      vertex 1.08538 -11.1111 4.9
      vertex 1.08538 -11.1111 2.46717e-015
    endloop
  endfacet
  facet normal 0.290285 0.95694 -0
    outer loop
      vertex 1.7854 -11.5789 2.57102e-015
      vertex 1.57905 -11.5163 4.9
      vertex 1.7854 -11.5789 4.9
    endloop
  endfacet
  facet normal 0.290285 0.95694 0
    outer loop
      vertex 1.57905 -11.5163 4.9
      vertex 1.7854 -11.5789 2.57102e-015
      vertex 1.57905 -11.5163 2.55712e-015
    endloop
  endfacet
  facet normal -0.290285 -0.95694 0
    outer loop
      vertex 2.2146 -9.42114 4.9
      vertex 2.42095 -9.48373 2.10581e-015
      vertex 2.42095 -9.48373 4.9
    endloop
  endfacet
  facet normal -0.290285 -0.95694 0
    outer loop
      vertex 2.42095 -9.48373 2.10581e-015
      vertex 2.2146 -9.42114 4.9
      vertex 2.2146 -9.42114 2.09191e-015
    endloop
  endfacet
  facet normal -0.471397 -0.881921 0
    outer loop
      vertex 2.42095 -9.48373 4.9
      vertex 2.61113 -9.58538 2.12838e-015
      vertex 2.61113 -9.58538 4.9
    endloop
  endfacet
  facet normal -0.471397 -0.881921 0
    outer loop
      vertex 2.61113 -9.58538 2.12838e-015
      vertex 2.42095 -9.48373 4.9
      vertex 2.42095 -9.48373 2.10581e-015
    endloop
  endfacet
  facet normal -0.77301 0.634393 0
    outer loop
      vertex 2.77782 -11.2778 2.50418e-015
      vertex 2.91462 -11.1111 4.9
      vertex 2.91462 -11.1111 2.46717e-015
    endloop
  endfacet
  facet normal -0.77301 0.634393 0
    outer loop
      vertex 2.91462 -11.1111 4.9
      vertex 2.77782 -11.2778 2.50418e-015
      vertex 2.77782 -11.2778 4.9
    endloop
  endfacet
  facet normal -0.0980179 0.995185 0
    outer loop
      vertex 2.2146 -11.5789 4.9
      vertex 2 -11.6 2.57572e-015
      vertex 2 -11.6 4.9
    endloop
  endfacet
  facet normal -0.0980179 0.995185 0
    outer loop
      vertex 2 -11.6 2.57572e-015
      vertex 2.2146 -11.5789 4.9
      vertex 2.2146 -11.5789 2.57102e-015
    endloop
  endfacet
  facet normal 0.995185 0.0980179 0
    outer loop
      vertex 0.921136 -10.7146 4.9
      vertex 0.9 -10.5 2.33147e-015
      vertex 0.9 -10.5 4.9
    endloop
  endfacet
  facet normal 0.995185 0.0980179 0
    outer loop
      vertex 0.9 -10.5 2.33147e-015
      vertex 0.921136 -10.7146 4.9
      vertex 0.921136 -10.7146 2.37912e-015
    endloop
  endfacet
  facet normal 0.995185 -0.0980174 0
    outer loop
      vertex 0.9 -10.5 4.9
      vertex 0.921136 -10.2854 2.28382e-015
      vertex 0.921136 -10.2854 4.9
    endloop
  endfacet
  facet normal 0.995185 -0.0980174 0
    outer loop
      vertex 0.921136 -10.2854 2.28382e-015
      vertex 0.9 -10.5 4.9
      vertex 0.9 -10.5 2.33147e-015
    endloop
  endfacet
  facet normal 0.634393 0.77301 -0
    outer loop
      vertex 1.38887 -11.4146 2.53455e-015
      vertex 1.22218 -11.2778 4.9
      vertex 1.38887 -11.4146 4.9
    endloop
  endfacet
  facet normal 0.634393 0.77301 0
    outer loop
      vertex 1.22218 -11.2778 4.9
      vertex 1.38887 -11.4146 2.53455e-015
      vertex 1.22218 -11.2778 2.50418e-015
    endloop
  endfacet
  facet normal 0.77301 0.634393 0
    outer loop
      vertex 1.22218 -11.2778 4.9
      vertex 1.08538 -11.1111 2.46717e-015
      vertex 1.08538 -11.1111 4.9
    endloop
  endfacet
  facet normal 0.77301 0.634393 0
    outer loop
      vertex 1.08538 -11.1111 2.46717e-015
      vertex 1.22218 -11.2778 4.9
      vertex 1.22218 -11.2778 2.50418e-015
    endloop
  endfacet
  facet normal -0.634393 -0.77301 0
    outer loop
      vertex 2.61113 -9.58538 4.9
      vertex 2.77782 -9.72218 2.15876e-015
      vertex 2.77782 -9.72218 4.9
    endloop
  endfacet
  facet normal -0.634393 -0.77301 0
    outer loop
      vertex 2.77782 -9.72218 2.15876e-015
      vertex 2.61113 -9.58538 4.9
      vertex 2.61113 -9.58538 2.12838e-015
    endloop
  endfacet
  facet normal -0.95694 -0.290285 0
    outer loop
      vertex 3.07886 -10.2854 2.28382e-015
      vertex 3.01627 -10.079 4.9
      vertex 3.01627 -10.079 2.238e-015
    endloop
  endfacet
  facet normal -0.95694 -0.290285 0
    outer loop
      vertex 3.01627 -10.079 4.9
      vertex 3.07886 -10.2854 2.28382e-015
      vertex 3.07886 -10.2854 4.9
    endloop
  endfacet
  facet normal -0.995185 -0.0980174 0
    outer loop
      vertex 3.1 -10.5 2.33147e-015
      vertex 3.07886 -10.2854 4.9
      vertex 3.07886 -10.2854 2.28382e-015
    endloop
  endfacet
  facet normal -0.995185 -0.0980174 0
    outer loop
      vertex 3.07886 -10.2854 4.9
      vertex 3.1 -10.5 2.33147e-015
      vertex 3.1 -10.5 4.9
    endloop
  endfacet
  facet normal 0.471397 -0.881921 0
    outer loop
      vertex 1.38887 -9.58538 2.12838e-015
      vertex 1.57905 -9.48373 4.9
      vertex 1.38887 -9.58538 4.9
    endloop
  endfacet
  facet normal 0.471397 -0.881921 0
    outer loop
      vertex 1.57905 -9.48373 4.9
      vertex 1.38887 -9.58538 2.12838e-015
      vertex 1.57905 -9.48373 2.10581e-015
    endloop
  endfacet
  facet normal 0.77301 -0.634393 0
    outer loop
      vertex 1.08538 -9.88887 4.9
      vertex 1.22218 -9.72218 2.15876e-015
      vertex 1.22218 -9.72218 4.9
    endloop
  endfacet
  facet normal 0.77301 -0.634393 0
    outer loop
      vertex 1.22218 -9.72218 2.15876e-015
      vertex 1.08538 -9.88887 4.9
      vertex 1.08538 -9.88887 2.19577e-015
    endloop
  endfacet
  facet normal 0.881921 -0.471397 0
    outer loop
      vertex 0.983732 -10.079 4.9
      vertex 1.08538 -9.88887 2.19577e-015
      vertex 1.08538 -9.88887 4.9
    endloop
  endfacet
  facet normal 0.881921 -0.471397 0
    outer loop
      vertex 1.08538 -9.88887 2.19577e-015
      vertex 0.983732 -10.079 4.9
      vertex 0.983732 -10.079 2.238e-015
    endloop
  endfacet
  facet normal 0.634393 -0.77301 0
    outer loop
      vertex 1.22218 -9.72218 2.15876e-015
      vertex 1.38887 -9.58538 4.9
      vertex 1.22218 -9.72218 4.9
    endloop
  endfacet
  facet normal 0.634393 -0.77301 0
    outer loop
      vertex 1.38887 -9.58538 4.9
      vertex 1.22218 -9.72218 2.15876e-015
      vertex 1.38887 -9.58538 2.12838e-015
    endloop
  endfacet
  facet normal 0.95694 -0.290285 0
    outer loop
      vertex 0.921136 -10.2854 4.9
      vertex 0.983732 -10.079 2.238e-015
      vertex 0.983732 -10.079 4.9
    endloop
  endfacet
  facet normal 0.95694 -0.290285 0
    outer loop
      vertex 0.983732 -10.079 2.238e-015
      vertex 0.921136 -10.2854 4.9
      vertex 0.921136 -10.2854 2.28382e-015
    endloop
  endfacet
  facet normal -0.0980179 -0.995185 0
    outer loop
      vertex 2 -9.4 4.9
      vertex 2.2146 -9.42114 2.09191e-015
      vertex 2.2146 -9.42114 4.9
    endloop
  endfacet
  facet normal -0.0980179 -0.995185 0
    outer loop
      vertex 2.2146 -9.42114 2.09191e-015
      vertex 2 -9.4 4.9
      vertex 2 -9.4 2.08722e-015
    endloop
  endfacet
  facet normal -0.77301 -0.634393 0
    outer loop
      vertex 2.91462 -9.88887 2.19577e-015
      vertex 2.77782 -9.72218 4.9
      vertex 2.77782 -9.72218 2.15876e-015
    endloop
  endfacet
  facet normal -0.77301 -0.634393 0
    outer loop
      vertex 2.77782 -9.72218 4.9
      vertex 2.91462 -9.88887 2.19577e-015
      vertex 2.91462 -9.88887 4.9
    endloop
  endfacet
  facet normal 0.290285 -0.95694 0
    outer loop
      vertex 1.57905 -9.48373 2.10581e-015
      vertex 1.7854 -9.42114 4.9
      vertex 1.57905 -9.48373 4.9
    endloop
  endfacet
  facet normal 0.290285 -0.95694 0
    outer loop
      vertex 1.7854 -9.42114 4.9
      vertex 1.57905 -9.48373 2.10581e-015
      vertex 1.7854 -9.42114 2.09191e-015
    endloop
  endfacet
  facet normal 0.0980174 -0.995185 0
    outer loop
      vertex 1.7854 -9.42114 2.09191e-015
      vertex 2 -9.4 4.9
      vertex 1.7854 -9.42114 4.9
    endloop
  endfacet
  facet normal 0.0980174 -0.995185 0
    outer loop
      vertex 2 -9.4 4.9
      vertex 1.7854 -9.42114 2.09191e-015
      vertex 2 -9.4 2.08722e-015
    endloop
  endfacet
  facet normal -1 0 0
    outer loop
      vertex 27.5 -15 3.33067e-015
      vertex 27.5 -5 4.9
      vertex 27.5 -5 1.11022e-015
    endloop
  endfacet
  facet normal -1 -0 0
    outer loop
      vertex 27.5 -5 4.9
      vertex 27.5 -15 3.33067e-015
      vertex 27.5 -15 4.9
    endloop
  endfacet
  facet normal 0 -1 0
    outer loop
      vertex 27.5 -15 3.33067e-015
      vertex 39 -15 4.9
      vertex 27.5 -15 4.9
    endloop
  endfacet
  facet normal 0 -1 -0
    outer loop
      vertex 39 -15 4.9
      vertex 27.5 -15 3.33067e-015
      vertex 39 -15 3.33067e-015
    endloop
  endfacet
  facet normal 1 0 0
    outer loop
      vertex 39 -5 4.9
      vertex 39 0 6.5
      vertex 39 -5 6.5
    endloop
  endfacet
  facet normal 1 0 0
    outer loop
      vertex 39 0 6.5
      vertex 39 -5 4.9
      vertex 39 -1.44329e-015 0
    endloop
  endfacet
  facet normal 1 0 0
    outer loop
      vertex 39 -15 3.33067e-015
      vertex 39 -5 4.9
      vertex 39 -15 4.9
    endloop
  endfacet
  facet normal 1 0 0
    outer loop
      vertex 39 -5 4.9
      vertex 39 -15 3.33067e-015
      vertex 39 -1.44329e-015 0
    endloop
  endfacet
  facet normal 0 0 1
    outer loop
      vertex 39 -5 4.9
      vertex 30.6 -10.5 4.9
      vertex 39 -15 4.9
    endloop
  endfacet
  facet normal 0 0 1
    outer loop
      vertex 39 -5 4.9
      vertex 30.5789 -10.2854 4.9
      vertex 30.6 -10.5 4.9
    endloop
  endfacet
  facet normal 0 0 1
    outer loop
      vertex 39 -5 4.9
      vertex 30.5163 -10.079 4.9
      vertex 30.5789 -10.2854 4.9
    endloop
  endfacet
  facet normal 0 0 1
    outer loop
      vertex 39 -5 4.9
      vertex 30.4146 -9.88887 4.9
      vertex 30.5163 -10.079 4.9
    endloop
  endfacet
  facet normal 0 0 1
    outer loop
      vertex 39 -5 4.9
      vertex 30.2778 -9.72218 4.9
      vertex 30.4146 -9.88887 4.9
    endloop
  endfacet
  facet normal 0 0 1
    outer loop
      vertex 39 -5 4.9
      vertex 30.1111 -9.58538 4.9
      vertex 30.2778 -9.72218 4.9
    endloop
  endfacet
  facet normal -0 0 1
    outer loop
      vertex 27.5 -5 4.9
      vertex 30.1111 -9.58538 4.9
      vertex 39 -5 4.9
    endloop
  endfacet
  facet normal 0 0 1
    outer loop
      vertex 30.1111 -9.58538 4.9
      vertex 27.5 -5 4.9
      vertex 29.921 -9.48373 4.9
    endloop
  endfacet
  facet normal 0 0 1
    outer loop
      vertex 29.921 -9.48373 4.9
      vertex 27.5 -5 4.9
      vertex 29.7146 -9.42114 4.9
    endloop
  endfacet
  facet normal 0 0 1
    outer loop
      vertex 29.7146 -9.42114 4.9
      vertex 27.5 -5 4.9
      vertex 29.5 -9.4 4.9
    endloop
  endfacet
  facet normal 0 0 1
    outer loop
      vertex 29.5 -9.4 4.9
      vertex 27.5 -5 4.9
      vertex 29.2854 -9.42114 4.9
    endloop
  endfacet
  facet normal 0 0 1
    outer loop
      vertex 28.4211 -10.2854 4.9
      vertex 27.5 -5 4.9
      vertex 28.4 -10.5 4.9
    endloop
  endfacet
  facet normal 0 0 1
    outer loop
      vertex 28.4837 -10.079 4.9
      vertex 27.5 -5 4.9
      vertex 28.4211 -10.2854 4.9
    endloop
  endfacet
  facet normal 0 0 1
    outer loop
      vertex 28.5854 -9.88887 4.9
      vertex 27.5 -5 4.9
      vertex 28.4837 -10.079 4.9
    endloop
  endfacet
  facet normal 0 0 1
    outer loop
      vertex 28.7222 -9.72218 4.9
      vertex 27.5 -5 4.9
      vertex 28.5854 -9.88887 4.9
    endloop
  endfacet
  facet normal 0 0 1
    outer loop
      vertex 28.8889 -9.58538 4.9
      vertex 27.5 -5 4.9
      vertex 28.7222 -9.72218 4.9
    endloop
  endfacet
  facet normal 0 0 1
    outer loop
      vertex 29.079 -9.48373 4.9
      vertex 27.5 -5 4.9
      vertex 28.8889 -9.58538 4.9
    endloop
  endfacet
  facet normal 0 0 1
    outer loop
      vertex 29.2854 -9.42114 4.9
      vertex 27.5 -5 4.9
      vertex 29.079 -9.48373 4.9
    endloop
  endfacet
  facet normal -0 0 1
    outer loop
      vertex 30.5789 -10.7146 4.9
      vertex 39 -15 4.9
      vertex 30.6 -10.5 4.9
    endloop
  endfacet
  facet normal -0 0 1
    outer loop
      vertex 30.5163 -10.921 4.9
      vertex 39 -15 4.9
      vertex 30.5789 -10.7146 4.9
    endloop
  endfacet
  facet normal -0 0 1
    outer loop
      vertex 30.4146 -11.1111 4.9
      vertex 39 -15 4.9
      vertex 30.5163 -10.921 4.9
    endloop
  endfacet
  facet normal -0 0 1
    outer loop
      vertex 30.2778 -11.2778 4.9
      vertex 39 -15 4.9
      vertex 30.4146 -11.1111 4.9
    endloop
  endfacet
  facet normal -0 0 1
    outer loop
      vertex 30.1111 -11.4146 4.9
      vertex 39 -15 4.9
      vertex 30.2778 -11.2778 4.9
    endloop
  endfacet
  facet normal 0 0 1
    outer loop
      vertex 27.5 -15 4.9
      vertex 30.1111 -11.4146 4.9
      vertex 29.921 -11.5163 4.9
    endloop
  endfacet
  facet normal 0 0 1
    outer loop
      vertex 27.5 -15 4.9
      vertex 29.921 -11.5163 4.9
      vertex 29.7146 -11.5789 4.9
    endloop
  endfacet
  facet normal 0 0 1
    outer loop
      vertex 27.5 -15 4.9
      vertex 29.7146 -11.5789 4.9
      vertex 29.5 -11.6 4.9
    endloop
  endfacet
  facet normal 0 0 1
    outer loop
      vertex 27.5 -15 4.9
      vertex 29.5 -11.6 4.9
      vertex 29.2854 -11.5789 4.9
    endloop
  endfacet
  facet normal 0 0 1
    outer loop
      vertex 27.5 -15 4.9
      vertex 29.2854 -11.5789 4.9
      vertex 29.079 -11.5163 4.9
    endloop
  endfacet
  facet normal 0 0 1
    outer loop
      vertex 27.5 -15 4.9
      vertex 28.4 -10.5 4.9
      vertex 27.5 -5 4.9
    endloop
  endfacet
  facet normal 0 0 1
    outer loop
      vertex 30.1111 -11.4146 4.9
      vertex 27.5 -15 4.9
      vertex 39 -15 4.9
    endloop
  endfacet
  facet normal 0 0 1
    outer loop
      vertex 28.8889 -11.4146 4.9
      vertex 27.5 -15 4.9
      vertex 29.079 -11.5163 4.9
    endloop
  endfacet
  facet normal 0 0 1
    outer loop
      vertex 28.7222 -11.2778 4.9
      vertex 27.5 -15 4.9
      vertex 28.8889 -11.4146 4.9
    endloop
  endfacet
  facet normal 0 0 1
    outer loop
      vertex 28.5854 -11.1111 4.9
      vertex 27.5 -15 4.9
      vertex 28.7222 -11.2778 4.9
    endloop
  endfacet
  facet normal 0 0 1
    outer loop
      vertex 28.4837 -10.921 4.9
      vertex 27.5 -15 4.9
      vertex 28.5854 -11.1111 4.9
    endloop
  endfacet
  facet normal 0 0 1
    outer loop
      vertex 28.4211 -10.7146 4.9
      vertex 27.5 -15 4.9
      vertex 28.4837 -10.921 4.9
    endloop
  endfacet
  facet normal 0 0 1
    outer loop
      vertex 28.4 -10.5 4.9
      vertex 27.5 -15 4.9
      vertex 28.4211 -10.7146 4.9
    endloop
  endfacet
  facet normal -0.995185 0.0980135 0
    outer loop
      vertex 30.5789 -10.7146 2.37912e-015
      vertex 30.6 -10.5 4.9
      vertex 30.6 -10.5 2.33147e-015
    endloop
  endfacet
  facet normal -0.995185 0.0980135 0
    outer loop
      vertex 30.6 -10.5 4.9
      vertex 30.5789 -10.7146 2.37912e-015
      vertex 30.5789 -10.7146 4.9
    endloop
  endfacet
  facet normal -0.956939 0.290289 0
    outer loop
      vertex 30.5163 -10.921 2.42494e-015
      vertex 30.5789 -10.7146 4.9
      vertex 30.5789 -10.7146 2.37912e-015
    endloop
  endfacet
  facet normal -0.956939 0.290289 0
    outer loop
      vertex 30.5789 -10.7146 4.9
      vertex 30.5163 -10.921 2.42494e-015
      vertex 30.5163 -10.921 4.9
    endloop
  endfacet
  facet normal 0.0980174 0.995185 -0
    outer loop
      vertex 29.5 -11.6 2.57572e-015
      vertex 29.2854 -11.5789 4.9
      vertex 29.5 -11.6 4.9
    endloop
  endfacet
  facet normal 0.0980174 0.995185 0
    outer loop
      vertex 29.2854 -11.5789 4.9
      vertex 29.5 -11.6 2.57572e-015
      vertex 29.2854 -11.5789 2.57102e-015
    endloop
  endfacet
  facet normal -0.634391 0.773012 0
    outer loop
      vertex 30.2778 -11.2778 4.9
      vertex 30.1111 -11.4146 2.53455e-015
      vertex 30.1111 -11.4146 4.9
    endloop
  endfacet
  facet normal -0.634391 0.773012 0
    outer loop
      vertex 30.1111 -11.4146 2.53455e-015
      vertex 30.2778 -11.2778 4.9
      vertex 30.2778 -11.2778 2.50418e-015
    endloop
  endfacet
  facet normal 0.471397 0.881921 -0
    outer loop
      vertex 29.079 -11.5163 2.55712e-015
      vertex 28.8889 -11.4146 4.9
      vertex 29.079 -11.5163 4.9
    endloop
  endfacet
  facet normal 0.471397 0.881921 0
    outer loop
      vertex 28.8889 -11.4146 4.9
      vertex 29.079 -11.5163 2.55712e-015
      vertex 28.8889 -11.4146 2.53455e-015
    endloop
  endfacet
  facet normal -0.881923 -0.471393 0
    outer loop
      vertex 30.5163 -10.079 2.238e-015
      vertex 30.4146 -9.88887 4.9
      vertex 30.4146 -9.88887 2.19577e-015
    endloop
  endfacet
  facet normal -0.881923 -0.471393 0
    outer loop
      vertex 30.4146 -9.88887 4.9
      vertex 30.5163 -10.079 2.238e-015
      vertex 30.5163 -10.079 4.9
    endloop
  endfacet
  facet normal -0.881923 0.471393 0
    outer loop
      vertex 30.4146 -11.1111 2.46717e-015
      vertex 30.5163 -10.921 4.9
      vertex 30.5163 -10.921 2.42494e-015
    endloop
  endfacet
  facet normal -0.881923 0.471393 0
    outer loop
      vertex 30.5163 -10.921 4.9
      vertex 30.4146 -11.1111 2.46717e-015
      vertex 30.4146 -11.1111 4.9
    endloop
  endfacet
  facet normal -0.290285 0.95694 0
    outer loop
      vertex 29.921 -11.5163 4.9
      vertex 29.7146 -11.5789 2.57102e-015
      vertex 29.7146 -11.5789 4.9
    endloop
  endfacet
  facet normal -0.290285 0.95694 0
    outer loop
      vertex 29.7146 -11.5789 2.57102e-015
      vertex 29.921 -11.5163 4.9
      vertex 29.921 -11.5163 2.55712e-015
    endloop
  endfacet
  facet normal -0.4714 0.881919 0
    outer loop
      vertex 30.1111 -11.4146 4.9
      vertex 29.921 -11.5163 2.55712e-015
      vertex 29.921 -11.5163 4.9
    endloop
  endfacet
  facet normal -0.4714 0.881919 0
    outer loop
      vertex 29.921 -11.5163 2.55712e-015
      vertex 30.1111 -11.4146 4.9
      vertex 30.1111 -11.4146 2.53455e-015
    endloop
  endfacet
  facet normal 0.956939 0.290289 0
    outer loop
      vertex 28.4837 -10.921 4.9
      vertex 28.4211 -10.7146 2.37912e-015
      vertex 28.4211 -10.7146 4.9
    endloop
  endfacet
  facet normal 0.956939 0.290289 0
    outer loop
      vertex 28.4211 -10.7146 2.37912e-015
      vertex 28.4837 -10.921 4.9
      vertex 28.4837 -10.921 2.42494e-015
    endloop
  endfacet
  facet normal 0.881919 0.4714 0
    outer loop
      vertex 28.5854 -11.1111 4.9
      vertex 28.4837 -10.921 2.42494e-015
      vertex 28.4837 -10.921 4.9
    endloop
  endfacet
  facet normal 0.881919 0.4714 0
    outer loop
      vertex 28.4837 -10.921 2.42494e-015
      vertex 28.5854 -11.1111 4.9
      vertex 28.5854 -11.1111 2.46717e-015
    endloop
  endfacet
  facet normal 0.290285 0.95694 -0
    outer loop
      vertex 29.2854 -11.5789 2.57102e-015
      vertex 29.079 -11.5163 4.9
      vertex 29.2854 -11.5789 4.9
    endloop
  endfacet
  facet normal 0.290285 0.95694 0
    outer loop
      vertex 29.079 -11.5163 4.9
      vertex 29.2854 -11.5789 2.57102e-015
      vertex 29.079 -11.5163 2.55712e-015
    endloop
  endfacet
  facet normal -0.290285 -0.95694 0
    outer loop
      vertex 29.7146 -9.42114 4.9
      vertex 29.921 -9.48373 2.10581e-015
      vertex 29.921 -9.48373 4.9
    endloop
  endfacet
  facet normal -0.290285 -0.95694 0
    outer loop
      vertex 29.921 -9.48373 2.10581e-015
      vertex 29.7146 -9.42114 4.9
      vertex 29.7146 -9.42114 2.09191e-015
    endloop
  endfacet
  facet normal -0.4714 -0.881919 0
    outer loop
      vertex 29.921 -9.48373 4.9
      vertex 30.1111 -9.58538 2.12838e-015
      vertex 30.1111 -9.58538 4.9
    endloop
  endfacet
  facet normal -0.4714 -0.881919 0
    outer loop
      vertex 30.1111 -9.58538 2.12838e-015
      vertex 29.921 -9.48373 4.9
      vertex 29.921 -9.48373 2.10581e-015
    endloop
  endfacet
  facet normal -0.77301 0.634393 0
    outer loop
      vertex 30.2778 -11.2778 2.50418e-015
      vertex 30.4146 -11.1111 4.9
      vertex 30.4146 -11.1111 2.46717e-015
    endloop
  endfacet
  facet normal -0.77301 0.634393 0
    outer loop
      vertex 30.4146 -11.1111 4.9
      vertex 30.2778 -11.2778 2.50418e-015
      vertex 30.2778 -11.2778 4.9
    endloop
  endfacet
  facet normal -0.0980174 0.995185 0
    outer loop
      vertex 29.7146 -11.5789 4.9
      vertex 29.5 -11.6 2.57572e-015
      vertex 29.5 -11.6 4.9
    endloop
  endfacet
  facet normal -0.0980174 0.995185 0
    outer loop
      vertex 29.5 -11.6 2.57572e-015
      vertex 29.7146 -11.5789 4.9
      vertex 29.7146 -11.5789 2.57102e-015
    endloop
  endfacet
  facet normal 0.995185 0.0980135 0
    outer loop
      vertex 28.4211 -10.7146 4.9
      vertex 28.4 -10.5 2.33147e-015
      vertex 28.4 -10.5 4.9
    endloop
  endfacet
  facet normal 0.995185 0.0980135 0
    outer loop
      vertex 28.4 -10.5 2.33147e-015
      vertex 28.4211 -10.7146 4.9
      vertex 28.4211 -10.7146 2.37912e-015
    endloop
  endfacet
  facet normal 0.995185 -0.0980131 0
    outer loop
      vertex 28.4 -10.5 4.9
      vertex 28.4211 -10.2854 2.28382e-015
      vertex 28.4211 -10.2854 4.9
    endloop
  endfacet
  facet normal 0.995185 -0.0980131 0
    outer loop
      vertex 28.4211 -10.2854 2.28382e-015
      vertex 28.4 -10.5 4.9
      vertex 28.4 -10.5 2.33147e-015
    endloop
  endfacet
  facet normal 0.634395 0.773009 -0
    outer loop
      vertex 28.8889 -11.4146 2.53455e-015
      vertex 28.7222 -11.2778 4.9
      vertex 28.8889 -11.4146 4.9
    endloop
  endfacet
  facet normal 0.634395 0.773009 0
    outer loop
      vertex 28.7222 -11.2778 4.9
      vertex 28.8889 -11.4146 2.53455e-015
      vertex 28.7222 -11.2778 2.50418e-015
    endloop
  endfacet
  facet normal 0.77301 0.634393 0
    outer loop
      vertex 28.7222 -11.2778 4.9
      vertex 28.5854 -11.1111 2.46717e-015
      vertex 28.5854 -11.1111 4.9
    endloop
  endfacet
  facet normal 0.77301 0.634393 0
    outer loop
      vertex 28.5854 -11.1111 2.46717e-015
      vertex 28.7222 -11.2778 4.9
      vertex 28.7222 -11.2778 2.50418e-015
    endloop
  endfacet
  facet normal -0.956939 -0.290289 0
    outer loop
      vertex 30.5789 -10.2854 2.28382e-015
      vertex 30.5163 -10.079 4.9
      vertex 30.5163 -10.079 2.238e-015
    endloop
  endfacet
  facet normal -0.956939 -0.290289 0
    outer loop
      vertex 30.5163 -10.079 4.9
      vertex 30.5789 -10.2854 2.28382e-015
      vertex 30.5789 -10.2854 4.9
    endloop
  endfacet
  facet normal -0.995185 -0.0980131 0
    outer loop
      vertex 30.6 -10.5 2.33147e-015
      vertex 30.5789 -10.2854 4.9
      vertex 30.5789 -10.2854 2.28382e-015
    endloop
  endfacet
  facet normal -0.995185 -0.0980131 0
    outer loop
      vertex 30.5789 -10.2854 4.9
      vertex 30.6 -10.5 2.33147e-015
      vertex 30.6 -10.5 4.9
    endloop
  endfacet
  facet normal 0.77301 -0.634393 0
    outer loop
      vertex 28.5854 -9.88887 4.9
      vertex 28.7222 -9.72218 2.15876e-015
      vertex 28.7222 -9.72218 4.9
    endloop
  endfacet
  facet normal 0.77301 -0.634393 0
    outer loop
      vertex 28.7222 -9.72218 2.15876e-015
      vertex 28.5854 -9.88887 4.9
      vertex 28.5854 -9.88887 2.19577e-015
    endloop
  endfacet
  facet normal 0.881919 -0.4714 0
    outer loop
      vertex 28.4837 -10.079 4.9
      vertex 28.5854 -9.88887 2.19577e-015
      vertex 28.5854 -9.88887 4.9
    endloop
  endfacet
  facet normal 0.881919 -0.4714 0
    outer loop
      vertex 28.5854 -9.88887 2.19577e-015
      vertex 28.4837 -10.079 4.9
      vertex 28.4837 -10.079 2.238e-015
    endloop
  endfacet
  facet normal 0.956939 -0.290289 0
    outer loop
      vertex 28.4211 -10.2854 4.9
      vertex 28.4837 -10.079 2.238e-015
      vertex 28.4837 -10.079 4.9
    endloop
  endfacet
  facet normal 0.956939 -0.290289 0
    outer loop
      vertex 28.4837 -10.079 2.238e-015
      vertex 28.4211 -10.2854 4.9
      vertex 28.4211 -10.2854 2.28382e-015
    endloop
  endfacet
  facet normal -0.0980174 -0.995185 0
    outer loop
      vertex 29.5 -9.4 4.9
      vertex 29.7146 -9.42114 2.09191e-015
      vertex 29.7146 -9.42114 4.9
    endloop
  endfacet
  facet normal -0.0980174 -0.995185 0
    outer loop
      vertex 29.7146 -9.42114 2.09191e-015
      vertex 29.5 -9.4 4.9
      vertex 29.5 -9.4 2.08722e-015
    endloop
  endfacet
  facet normal 0.634395 -0.773009 0
    outer loop
      vertex 28.7222 -9.72218 2.15876e-015
      vertex 28.8889 -9.58538 4.9
      vertex 28.7222 -9.72218 4.9
    endloop
  endfacet
  facet normal 0.634395 -0.773009 0
    outer loop
      vertex 28.8889 -9.58538 4.9
      vertex 28.7222 -9.72218 2.15876e-015
      vertex 28.8889 -9.58538 2.12838e-015
    endloop
  endfacet
  facet normal 0.471397 -0.881921 0
    outer loop
      vertex 28.8889 -9.58538 2.12838e-015
      vertex 29.079 -9.48373 4.9
      vertex 28.8889 -9.58538 4.9
    endloop
  endfacet
  facet normal 0.471397 -0.881921 0
    outer loop
      vertex 29.079 -9.48373 4.9
      vertex 28.8889 -9.58538 2.12838e-015
      vertex 29.079 -9.48373 2.10581e-015
    endloop
  endfacet
  facet normal 0.290285 -0.95694 0
    outer loop
      vertex 29.079 -9.48373 2.10581e-015
      vertex 29.2854 -9.42114 4.9
      vertex 29.079 -9.48373 4.9
    endloop
  endfacet
  facet normal 0.290285 -0.95694 0
    outer loop
      vertex 29.2854 -9.42114 4.9
      vertex 29.079 -9.48373 2.10581e-015
      vertex 29.2854 -9.42114 2.09191e-015
    endloop
  endfacet
  facet normal 0.0980174 -0.995185 0
    outer loop
      vertex 29.2854 -9.42114 2.09191e-015
      vertex 29.5 -9.4 4.9
      vertex 29.2854 -9.42114 4.9
    endloop
  endfacet
  facet normal 0.0980174 -0.995185 0
    outer loop
      vertex 29.5 -9.4 4.9
      vertex 29.2854 -9.42114 2.09191e-015
      vertex 29.5 -9.4 2.08722e-015
    endloop
  endfacet
  facet normal -0.634391 -0.773012 0
    outer loop
      vertex 30.1111 -9.58538 4.9
      vertex 30.2778 -9.72218 2.15876e-015
      vertex 30.2778 -9.72218 4.9
    endloop
  endfacet
  facet normal -0.634391 -0.773012 0
    outer loop
      vertex 30.2778 -9.72218 2.15876e-015
      vertex 30.1111 -9.58538 4.9
      vertex 30.1111 -9.58538 2.12838e-015
    endloop
  endfacet
  facet normal -0.77301 -0.634393 0
    outer loop
      vertex 30.4146 -9.88887 2.19577e-015
      vertex 30.2778 -9.72218 4.9
      vertex 30.2778 -9.72218 2.15876e-015
    endloop
  endfacet
  facet normal -0.77301 -0.634393 0
    outer loop
      vertex 30.2778 -9.72218 4.9
      vertex 30.4146 -9.88887 2.19577e-015
      vertex 30.4146 -9.88887 4.9
    endloop
  endfacet
  facet normal 0 -1 0
    outer loop
      vertex 4 -5 1.11022e-015
      vertex 27.5 -5 4.9
      vertex 4 -5 4.9
    endloop
  endfacet
  facet normal 0 -1 -0
    outer loop
      vertex 27.5 -5 4.9
      vertex 4 -5 1.11022e-015
      vertex 27.5 -5 1.11022e-015
    endloop
  endfacet
  facet normal 0 -1 0
    outer loop
      vertex -14 -5 18.1
      vertex 0 -5 16.5
      vertex 0 -5 18.1
    endloop
  endfacet
  facet normal 0 -1 0
    outer loop
      vertex 40 -5 13.1
      vertex 40 -5 16.5
      vertex 0 -5 16.5
    endloop
  endfacet
  facet normal 0 -1 0
    outer loop
      vertex 40 -5 16.5
      vertex 40 -5 13.1
      vertex 40.9755 -5 16.4039
    endloop
  endfacet
  facet normal 0 -1 0
    outer loop
      vertex 40.3121 -5 13.0693
      vertex 40.9755 -5 16.4039
      vertex 40 -5 13.1
    endloop
  endfacet
  facet normal 0 -1 -0
    outer loop
      vertex 40.9755 -5 16.4039
      vertex 40.3121 -5 13.0693
      vertex 41.9134 -5 16.1194
    endloop
  endfacet
  facet normal 0 -1 0
    outer loop
      vertex 40.6123 -5 12.9782
      vertex 41.9134 -5 16.1194
      vertex 40.3121 -5 13.0693
    endloop
  endfacet
  facet normal 0 -1 -0
    outer loop
      vertex 41.9134 -5 16.1194
      vertex 40.6123 -5 12.9782
      vertex 42.7779 -5 15.6573
    endloop
  endfacet
  facet normal 0 -1 0
    outer loop
      vertex 40 -5 13.1
      vertex 0 -5 16.5
      vertex 0 -5 13.1
    endloop
  endfacet
  facet normal 0 -1 0
    outer loop
      vertex -1.33035 -5 12.3889
      vertex 0 -5 16.5
      vertex -14 -5 18.1
    endloop
  endfacet
  facet normal 0 -1 -0
    outer loop
      vertex 0 -5 16.5
      vertex -0.312144 -5 13.0693
      vertex 0 -5 13.1
    endloop
  endfacet
  facet normal 0 -1 0
    outer loop
      vertex 0 -5 16.5
      vertex -0.612293 -5 12.9782
      vertex -0.312144 -5 13.0693
    endloop
  endfacet
  facet normal 0 -1 0
    outer loop
      vertex 0 -5 16.5
      vertex -0.888912 -5 12.8304
      vertex -0.612293 -5 12.9782
    endloop
  endfacet
  facet normal 0 -1 0
    outer loop
      vertex 0 -5 16.5
      vertex -1.13137 -5 12.6314
      vertex -0.888912 -5 12.8304
    endloop
  endfacet
  facet normal 0 -1 0
    outer loop
      vertex 0 -5 16.5
      vertex -1.33035 -5 12.3889
      vertex -1.13137 -5 12.6314
    endloop
  endfacet
  facet normal 0 -1 0
    outer loop
      vertex -14 -5 18.1
      vertex -1.47821 -5 12.1123
      vertex -1.33035 -5 12.3889
    endloop
  endfacet
  facet normal 0 -1 0
    outer loop
      vertex -14 -5 18.1
      vertex -1.56926 -5 11.8121
      vertex -1.47821 -5 12.1123
    endloop
  endfacet
  facet normal 0 -1 0
    outer loop
      vertex -14 -5 18.1
      vertex -1.6 -5 11.5
      vertex -1.56926 -5 11.8121
    endloop
  endfacet
  facet normal 0 -1 0
    outer loop
      vertex -13.2955 -5 4.9
      vertex -1.6 -5 11.5
      vertex -14 -5 18.1
    endloop
  endfacet
  facet normal 0 -1 -0
    outer loop
      vertex -1.6 -5 11.5
      vertex -13.2955 -5 4.9
      vertex -1.56926 -5 11.1879
    endloop
  endfacet
  facet normal 0 -1 -0
    outer loop
      vertex -1.56926 -5 11.1879
      vertex -13.2955 -5 4.9
      vertex -1.47821 -5 10.8877
    endloop
  endfacet
  facet normal 0 -1 -0
    outer loop
      vertex -1.47821 -5 10.8877
      vertex -13.2955 -5 4.9
      vertex -1.33035 -5 10.6111
    endloop
  endfacet
  facet normal 0 -1 0
    outer loop
      vertex -0.704536 -5 4.9
      vertex -1.33035 -5 10.6111
      vertex -13.2955 -5 4.9
    endloop
  endfacet
  facet normal 0 -1 0
    outer loop
      vertex 27.5 -5 4.9
      vertex 40 -5 9.9
      vertex 0 -5 9.9
    endloop
  endfacet
  facet normal -0 -1 0
    outer loop
      vertex 39 -5 6.5
      vertex 40 -5 9.9
      vertex 27.5 -5 4.9
    endloop
  endfacet
  facet normal 0 -1 0
    outer loop
      vertex 40 -5 6.5
      vertex 40 -5 9.9
      vertex 39 -5 6.5
    endloop
  endfacet
  facet normal -0 -1 0
    outer loop
      vertex 40.9755 -5 6.59607
      vertex 40 -5 9.9
      vertex 40 -5 6.5
    endloop
  endfacet
  facet normal 0 -1 0
    outer loop
      vertex 40 -5 9.9
      vertex 43.5355 -5 7.96447
      vertex 44.1573 -5 8.72215
    endloop
  endfacet
  facet normal 0 -1 0
    outer loop
      vertex 40 -5 9.9
      vertex 42.7779 -5 7.34265
      vertex 43.5355 -5 7.96447
    endloop
  endfacet
  facet normal 0 -1 0
    outer loop
      vertex 40 -5 9.9
      vertex 41.9134 -5 6.8806
      vertex 42.7779 -5 7.34265
    endloop
  endfacet
  facet normal 0 -1 -0
    outer loop
      vertex -0.312144 -5 9.93074
      vertex -0.704536 -5 4.9
      vertex 0 -5 9.9
    endloop
  endfacet
  facet normal 0 -1 -0
    outer loop
      vertex -0.612293 -5 10.0218
      vertex -0.704536 -5 4.9
      vertex -0.312144 -5 9.93074
    endloop
  endfacet
  facet normal 0 -1 0
    outer loop
      vertex -0.888912 -5 10.1696
      vertex -0.704536 -5 4.9
      vertex -0.612293 -5 10.0218
    endloop
  endfacet
  facet normal 0 -1 0
    outer loop
      vertex -1.13137 -5 10.3686
      vertex -0.704536 -5 4.9
      vertex -0.888912 -5 10.1696
    endloop
  endfacet
  facet normal 0 -1 0
    outer loop
      vertex -1.33035 -5 10.6111
      vertex -0.704536 -5 4.9
      vertex -1.13137 -5 10.3686
    endloop
  endfacet
  facet normal 0 -1 0
    outer loop
      vertex -14 -5 1.11022e-015
      vertex -13.2955 -5 4.9
      vertex -14 -5 18.1
    endloop
  endfacet
  facet normal 0 -1 -0
    outer loop
      vertex -13.2955 -5 4.9
      vertex -14 -5 1.11022e-015
      vertex -13.2955 -5 2.22045e-015
    endloop
  endfacet
  facet normal 0 -1 0
    outer loop
      vertex -7 -5 1.11022e-015
      vertex -13.2955 -5 2.22045e-015
      vertex -14 -5 1.11022e-015
    endloop
  endfacet
  facet normal 0 -1 0
    outer loop
      vertex -13.2955 -5 2.22045e-015
      vertex -7 -5 1.11022e-015
      vertex -7 -5 2.22045e-015
    endloop
  endfacet
  facet normal 0 -1 0
    outer loop
      vertex 40.8889 -5 12.8304
      vertex 42.7779 -5 15.6573
      vertex 40.6123 -5 12.9782
    endloop
  endfacet
  facet normal 0 -1 -0
    outer loop
      vertex 42.7779 -5 15.6573
      vertex 40.8889 -5 12.8304
      vertex 43.5355 -5 15.0355
    endloop
  endfacet
  facet normal 0 -1 0
    outer loop
      vertex 41.1314 -5 12.6314
      vertex 43.5355 -5 15.0355
      vertex 40.8889 -5 12.8304
    endloop
  endfacet
  facet normal 0 -1 -0
    outer loop
      vertex 43.5355 -5 15.0355
      vertex 41.1314 -5 12.6314
      vertex 44.1573 -5 14.2779
    endloop
  endfacet
  facet normal 0 -1 0
    outer loop
      vertex 41.3304 -5 12.3889
      vertex 44.1573 -5 14.2779
      vertex 41.1314 -5 12.6314
    endloop
  endfacet
  facet normal 0 -1 -0
    outer loop
      vertex 44.1573 -5 14.2779
      vertex 41.3304 -5 12.3889
      vertex 44.6194 -5 13.4134
    endloop
  endfacet
  facet normal 0 -1 0
    outer loop
      vertex 41.4782 -5 12.1123
      vertex 44.6194 -5 13.4134
      vertex 41.3304 -5 12.3889
    endloop
  endfacet
  facet normal 0 -1 -0
    outer loop
      vertex 44.6194 -5 13.4134
      vertex 41.4782 -5 12.1123
      vertex 44.9039 -5 12.4755
    endloop
  endfacet
  facet normal 0 -1 0
    outer loop
      vertex 41.5693 -5 11.8121
      vertex 44.9039 -5 12.4755
      vertex 41.4782 -5 12.1123
    endloop
  endfacet
  facet normal 0 -1 0
    outer loop
      vertex 41.6 -5 11.5
      vertex 44.9039 -5 12.4755
      vertex 41.5693 -5 11.8121
    endloop
  endfacet
  facet normal 0 -1 0
    outer loop
      vertex 41.6 -5 11.5
      vertex 45 -5 11.5
      vertex 44.9039 -5 12.4755
    endloop
  endfacet
  facet normal 0 -1 0
    outer loop
      vertex 41.5693 -5 11.1879
      vertex 45 -5 11.5
      vertex 41.6 -5 11.5
    endloop
  endfacet
  facet normal 0 -1 0
    outer loop
      vertex 44.9039 -5 10.5245
      vertex 41.5693 -5 11.1879
      vertex 41.4782 -5 10.8877
    endloop
  endfacet
  facet normal 0 -1 0
    outer loop
      vertex 44.6194 -5 9.58658
      vertex 41.4782 -5 10.8877
      vertex 41.3304 -5 10.6111
    endloop
  endfacet
  facet normal 0 -1 0
    outer loop
      vertex 41.5693 -5 11.1879
      vertex 44.9039 -5 10.5245
      vertex 45 -5 11.5
    endloop
  endfacet
  facet normal 0 -1 0
    outer loop
      vertex 44.6194 -5 9.58658
      vertex 41.3304 -5 10.6111
      vertex 41.1314 -5 10.3686
    endloop
  endfacet
  facet normal 0 -1 0
    outer loop
      vertex 44.6194 -5 9.58658
      vertex 41.1314 -5 10.3686
      vertex 40.8889 -5 10.1696
    endloop
  endfacet
  facet normal 0 -1 0
    outer loop
      vertex 44.6194 -5 9.58658
      vertex 40.8889 -5 10.1696
      vertex 40.6123 -5 10.0218
    endloop
  endfacet
  facet normal 0 -1 0
    outer loop
      vertex 44.6194 -5 9.58658
      vertex 40.6123 -5 10.0218
      vertex 40.3121 -5 9.93074
    endloop
  endfacet
  facet normal 0 -1 0
    outer loop
      vertex 41.4782 -5 10.8877
      vertex 44.6194 -5 9.58658
      vertex 44.9039 -5 10.5245
    endloop
  endfacet
  facet normal 0 -1 0
    outer loop
      vertex 44.6194 -5 9.58658
      vertex 40.3121 -5 9.93074
      vertex 40 -5 9.9
    endloop
  endfacet
  facet normal 0 -1 0
    outer loop
      vertex 40 -5 9.9
      vertex 40.9755 -5 6.59607
      vertex 41.9134 -5 6.8806
    endloop
  endfacet
  facet normal 0 -1 0
    outer loop
      vertex 4 -5 4.9
      vertex 0 -5 9.9
      vertex -0.704536 -5 4.9
    endloop
  endfacet
  facet normal 0 -1 0
    outer loop
      vertex 27.5 -5 4.9
      vertex 0 -5 9.9
      vertex 4 -5 4.9
    endloop
  endfacet
  facet normal 0 -1 0
    outer loop
      vertex 40 -5 9.9
      vertex 44.1573 -5 8.72215
      vertex 44.6194 -5 9.58658
    endloop
  endfacet
  facet normal 0 -1 -0
    outer loop
      vertex 39 -5 6.5
      vertex 27.5 -5 4.9
      vertex 39 -5 4.9
    endloop
  endfacet
  facet normal -0 0 1
    outer loop
      vertex 0 2.22045e-015 16.5
      vertex 40 -5 16.5
      vertex 40 2.22045e-015 16.5
    endloop
  endfacet
  facet normal 0 0 1
    outer loop
      vertex 40 -5 16.5
      vertex 0 2.22045e-015 16.5
      vertex 0 -5 16.5
    endloop
  endfacet
  facet normal 0 0 -1
    outer loop
      vertex 39 -5 6.5
      vertex 40 0 6.5
      vertex 40 -5 6.5
    endloop
  endfacet
  facet normal -0 0 -1
    outer loop
      vertex 40 0 6.5
      vertex 39 -5 6.5
      vertex 39 0 6.5
    endloop
  endfacet
  facet normal 0.471396 0 0.881922
    outer loop
      vertex 41.9134 2.13594e-015 16.1194
      vertex 42.7779 -5 15.6573
      vertex 42.7779 2.03334e-015 15.6573
    endloop
  endfacet
  facet normal 0.471396 0 0.881922
    outer loop
      vertex 42.7779 -5 15.6573
      vertex 41.9134 2.13594e-015 16.1194
      vertex 41.9134 -5 16.1194
    endloop
  endfacet
  facet normal 0.995185 0 -0.0980166
    outer loop
      vertex 45 -5 11.5
      vertex 44.9039 8.93629e-016 10.5245
      vertex 45 1.11022e-015 11.5
    endloop
  endfacet
  facet normal 0.995185 0 -0.0980166
    outer loop
      vertex 44.9039 8.93629e-016 10.5245
      vertex 45 -5 11.5
      vertex 44.9039 -5 10.5245
    endloop
  endfacet
  facet normal 0.881922 -0 0.471395
    outer loop
      vertex 44.1573 -5 14.2779
      vertex 44.6194 1.53509e-015 13.4134
      vertex 44.1573 1.72703e-015 14.2779
    endloop
  endfacet
  facet normal 0.881922 0 0.471395
    outer loop
      vertex 44.6194 1.53509e-015 13.4134
      vertex 44.1573 -5 14.2779
      vertex 44.6194 -5 13.4134
    endloop
  endfacet
  facet normal 0.77301 -0 0.634394
    outer loop
      vertex 43.5355 -5 15.0355
      vertex 44.1573 1.72703e-015 14.2779
      vertex 43.5355 1.89527e-015 15.0355
    endloop
  endfacet
  facet normal 0.77301 0 0.634394
    outer loop
      vertex 44.1573 1.72703e-015 14.2779
      vertex 43.5355 -5 15.0355
      vertex 44.1573 -5 14.2779
    endloop
  endfacet
  facet normal 0.634393 0 0.773011
    outer loop
      vertex 42.7779 2.03334e-015 15.6573
      vertex 43.5355 -5 15.0355
      vertex 43.5355 1.89527e-015 15.0355
    endloop
  endfacet
  facet normal 0.634393 0 0.773011
    outer loop
      vertex 43.5355 -5 15.0355
      vertex 42.7779 2.03334e-015 15.6573
      vertex 42.7779 -5 15.6573
    endloop
  endfacet
  facet normal 0.290286 0 0.95694
    outer loop
      vertex 40.9755 2.19911e-015 16.4039
      vertex 41.9134 -5 16.1194
      vertex 41.9134 2.13594e-015 16.1194
    endloop
  endfacet
  facet normal 0.290286 0 0.95694
    outer loop
      vertex 41.9134 -5 16.1194
      vertex 40.9755 2.19911e-015 16.4039
      vertex 40.9755 -5 16.4039
    endloop
  endfacet
  facet normal 0.995185 -0 0.0980167
    outer loop
      vertex 44.9039 -5 12.4755
      vertex 45 1.11022e-015 11.5
      vertex 44.9039 1.32682e-015 12.4755
    endloop
  endfacet
  facet normal 0.995185 0 0.0980167
    outer loop
      vertex 45 1.11022e-015 11.5
      vertex 44.9039 -5 12.4755
      vertex 45 -5 11.5
    endloop
  endfacet
  facet normal 0.290285 0 -0.95694
    outer loop
      vertex 40.9755 -5 6.59607
      vertex 41.9134 8.45106e-017 6.8806
      vertex 41.9134 -5 6.8806
    endloop
  endfacet
  facet normal 0.290285 0 -0.95694
    outer loop
      vertex 41.9134 8.45106e-017 6.8806
      vertex 40.9755 -5 6.59607
      vertex 40.9755 2.13325e-017 6.59607
    endloop
  endfacet
  facet normal 0.471397 0 -0.881921
    outer loop
      vertex 41.9134 -5 6.8806
      vertex 42.7779 1.87106e-016 7.34265
      vertex 42.7779 -5 7.34265
    endloop
  endfacet
  facet normal 0.471397 0 -0.881921
    outer loop
      vertex 42.7779 1.87106e-016 7.34265
      vertex 41.9134 -5 6.8806
      vertex 41.9134 8.45106e-017 6.8806
    endloop
  endfacet
  facet normal 0.634393 0 -0.773011
    outer loop
      vertex 42.7779 -5 7.34265
      vertex 43.5355 3.25177e-016 7.96447
      vertex 43.5355 -5 7.96447
    endloop
  endfacet
  facet normal 0.634393 0 -0.773011
    outer loop
      vertex 43.5355 3.25177e-016 7.96447
      vertex 42.7779 -5 7.34265
      vertex 42.7779 1.87106e-016 7.34265
    endloop
  endfacet
  facet normal 0.881922 0 -0.471395
    outer loop
      vertex 44.6194 -5 9.58658
      vertex 44.1573 4.93416e-016 8.72215
      vertex 44.6194 6.85359e-016 9.58658
    endloop
  endfacet
  facet normal 0.881922 0 -0.471395
    outer loop
      vertex 44.1573 4.93416e-016 8.72215
      vertex 44.6194 -5 9.58658
      vertex 44.1573 -5 8.72215
    endloop
  endfacet
  facet normal 0.0980166 0 -0.995185
    outer loop
      vertex 40 -5 6.5
      vertex 40.9755 2.13325e-017 6.59607
      vertex 40.9755 -5 6.59607
    endloop
  endfacet
  facet normal 0.0980166 0 -0.995185
    outer loop
      vertex 40.9755 2.13325e-017 6.59607
      vertex 40 -5 6.5
      vertex 40 0 6.5
    endloop
  endfacet
  facet normal 0.95694 -0 0.290286
    outer loop
      vertex 44.6194 -5 13.4134
      vertex 44.9039 1.32682e-015 12.4755
      vertex 44.6194 1.53509e-015 13.4134
    endloop
  endfacet
  facet normal 0.95694 0 0.290286
    outer loop
      vertex 44.9039 1.32682e-015 12.4755
      vertex 44.6194 -5 13.4134
      vertex 44.9039 -5 12.4755
    endloop
  endfacet
  facet normal 0.0980166 0 0.995185
    outer loop
      vertex 40 2.22045e-015 16.5
      vertex 40.9755 -5 16.4039
      vertex 40.9755 2.19911e-015 16.4039
    endloop
  endfacet
  facet normal 0.0980166 0 0.995185
    outer loop
      vertex 40.9755 -5 16.4039
      vertex 40 2.22045e-015 16.5
      vertex 40 -5 16.5
    endloop
  endfacet
  facet normal 0.77301 0 -0.634394
    outer loop
      vertex 44.1573 -5 8.72215
      vertex 43.5355 3.25177e-016 7.96447
      vertex 44.1573 4.93416e-016 8.72215
    endloop
  endfacet
  facet normal 0.77301 0 -0.634394
    outer loop
      vertex 43.5355 3.25177e-016 7.96447
      vertex 44.1573 -5 8.72215
      vertex 43.5355 -5 7.96447
    endloop
  endfacet
  facet normal 0.95694 0 -0.290286
    outer loop
      vertex 44.9039 -5 10.5245
      vertex 44.6194 6.85359e-016 9.58658
      vertex 44.9039 8.93629e-016 10.5245
    endloop
  endfacet
  facet normal 0.95694 0 -0.290286
    outer loop
      vertex 44.6194 6.85359e-016 9.58658
      vertex 44.9039 -5 10.5245
      vertex 44.6194 -5 9.58658
    endloop
  endfacet
  facet normal -0 0 1
    outer loop
      vertex -1.17971 -4.11101 23
      vertex 0 -5 23
      vertex 0 3.66374e-015 23
    endloop
  endfacet
  facet normal 0 0 1
    outer loop
      vertex 0 -5 23
      vertex -1.17971 -4.11101 23
      vertex -0.704536 -5 23
    endloop
  endfacet
  facet normal 0 0 1
    outer loop
      vertex 0 3.66374e-015 23
      vertex -2.05025 -3.05025 23
      vertex -1.17971 -4.11101 23
    endloop
  endfacet
  facet normal 0 0 1
    outer loop
      vertex 0 3.66374e-015 23
      vertex -3.11101 -2.17971 23
      vertex -2.05025 -3.05025 23
    endloop
  endfacet
  facet normal 0 0 1
    outer loop
      vertex 0 3.66374e-015 23
      vertex -4.32122 -1.53284 23
      vertex -3.11101 -2.17971 23
    endloop
  endfacet
  facet normal 0 0 1
    outer loop
      vertex 0 3.66374e-015 23
      vertex -5.63437 -1.1345 23
      vertex -4.32122 -1.53284 23
    endloop
  endfacet
  facet normal 0 0 1
    outer loop
      vertex 0 3.66374e-015 23
      vertex -7 -1 23
      vertex -5.63437 -1.1345 23
    endloop
  endfacet
  facet normal -0 0 1
    outer loop
      vertex -14 3.66374e-015 23
      vertex -7 -1 23
      vertex 0 3.66374e-015 23
    endloop
  endfacet
  facet normal 0 0 1
    outer loop
      vertex -7 -1 23
      vertex -14 3.66374e-015 23
      vertex -8.36563 -1.1345 23
    endloop
  endfacet
  facet normal 0 0 1
    outer loop
      vertex -14 3.66374e-015 23
      vertex -9.67878 -1.53284 23
      vertex -8.36563 -1.1345 23
    endloop
  endfacet
  facet normal 0 0 1
    outer loop
      vertex -14 3.66374e-015 23
      vertex -10.889 -2.17971 23
      vertex -9.67878 -1.53284 23
    endloop
  endfacet
  facet normal 0 0 1
    outer loop
      vertex -14 3.66374e-015 23
      vertex -11.9497 -3.05025 23
      vertex -10.889 -2.17971 23
    endloop
  endfacet
  facet normal 0 0 1
    outer loop
      vertex -14 3.66374e-015 23
      vertex -12.8203 -4.11101 23
      vertex -11.9497 -3.05025 23
    endloop
  endfacet
  facet normal 0 0 1
    outer loop
      vertex -14 -5 23
      vertex -12.8203 -4.11101 23
      vertex -14 3.66374e-015 23
    endloop
  endfacet
  facet normal 0 0 1
    outer loop
      vertex -12.8203 -4.11101 23
      vertex -14 -5 23
      vertex -13.2955 -5 23
    endloop
  endfacet
  facet normal 0 0 -1
    outer loop
      vertex 0 -5 13.1
      vertex 40 1.46549e-015 13.1
      vertex 40 -5 13.1
    endloop
  endfacet
  facet normal -0 0 -1
    outer loop
      vertex 40 1.46549e-015 13.1
      vertex 0 -5 13.1
      vertex 0 1.46549e-015 13.1
    endloop
  endfacet
  facet normal -0 0 1
    outer loop
      vertex 0 7.54952e-016 9.9
      vertex 40 -5 9.9
      vertex 40 7.54952e-016 9.9
    endloop
  endfacet
  facet normal 0 0 1
    outer loop
      vertex 40 -5 9.9
      vertex 0 7.54952e-016 9.9
      vertex 0 -5 9.9
    endloop
  endfacet
  facet normal 0.0980174 0 0.995185
    outer loop
      vertex -0.312144 7.61778e-016 9.93074
      vertex 0 -5 9.9
      vertex 0 7.54952e-016 9.9
    endloop
  endfacet
  facet normal 0.0980174 0 0.995185
    outer loop
      vertex 0 -5 9.9
      vertex -0.312144 7.61778e-016 9.93074
      vertex -0.312144 -5 9.93074
    endloop
  endfacet
  facet normal 0.471396 0 -0.881921
    outer loop
      vertex -0.888912 -5 12.8304
      vertex -0.612293 1.43845e-015 12.9782
      vertex -0.612293 -5 12.9782
    endloop
  endfacet
  facet normal 0.471396 0 -0.881921
    outer loop
      vertex -0.612293 1.43845e-015 12.9782
      vertex -0.888912 -5 12.8304
      vertex -0.888912 1.40562e-015 12.8304
    endloop
  endfacet
  facet normal 0.95694 0 -0.290285
    outer loop
      vertex -1.47821 -5 12.1123
      vertex -1.56926 1.17953e-015 11.8121
      vertex -1.47821 1.24618e-015 12.1123
    endloop
  endfacet
  facet normal 0.95694 0 -0.290285
    outer loop
      vertex -1.56926 1.17953e-015 11.8121
      vertex -1.47821 -5 12.1123
      vertex -1.56926 -5 11.8121
    endloop
  endfacet
  facet normal 0.0980174 0 -0.995185
    outer loop
      vertex -0.312144 -5 13.0693
      vertex 0 1.46549e-015 13.1
      vertex 0 -5 13.1
    endloop
  endfacet
  facet normal 0.0980174 0 -0.995185
    outer loop
      vertex 0 1.46549e-015 13.1
      vertex -0.312144 -5 13.0693
      vertex -0.312144 1.45867e-015 13.0693
    endloop
  endfacet
  facet normal 0.995185 -0 0.0980171
    outer loop
      vertex -1.6 -5 11.5
      vertex -1.56926 1.04091e-015 11.1879
      vertex -1.6 1.11022e-015 11.5
    endloop
  endfacet
  facet normal 0.995185 0 0.0980171
    outer loop
      vertex -1.56926 1.04091e-015 11.1879
      vertex -1.6 -5 11.5
      vertex -1.56926 -5 11.1879
    endloop
  endfacet
  facet normal 0.881921 0 -0.471396
    outer loop
      vertex -1.33035 -5 12.3889
      vertex -1.47821 1.24618e-015 12.1123
      vertex -1.33035 1.3076e-015 12.3889
    endloop
  endfacet
  facet normal 0.881921 0 -0.471396
    outer loop
      vertex -1.47821 1.24618e-015 12.1123
      vertex -1.33035 -5 12.3889
      vertex -1.47821 -5 12.1123
    endloop
  endfacet
  facet normal 0.634393 0 -0.773011
    outer loop
      vertex -1.13137 -5 12.6314
      vertex -0.888912 1.40562e-015 12.8304
      vertex -0.888912 -5 12.8304
    endloop
  endfacet
  facet normal 0.634393 0 -0.773011
    outer loop
      vertex -0.888912 1.40562e-015 12.8304
      vertex -1.13137 -5 12.6314
      vertex -1.13137 1.36144e-015 12.6314
    endloop
  endfacet
  facet normal 0.290285 0 -0.95694
    outer loop
      vertex -0.612293 -5 12.9782
      vertex -0.312144 1.45867e-015 13.0693
      vertex -0.312144 -5 13.0693
    endloop
  endfacet
  facet normal 0.290285 0 -0.95694
    outer loop
      vertex -0.312144 1.45867e-015 13.0693
      vertex -0.612293 -5 12.9782
      vertex -0.612293 1.43845e-015 12.9782
    endloop
  endfacet
  facet normal 0.773011 0 -0.634393
    outer loop
      vertex -1.13137 -5 12.6314
      vertex -1.33035 1.3076e-015 12.3889
      vertex -1.13137 1.36144e-015 12.6314
    endloop
  endfacet
  facet normal 0.773011 0 -0.634393
    outer loop
      vertex -1.33035 1.3076e-015 12.3889
      vertex -1.13137 -5 12.6314
      vertex -1.33035 -5 12.3889
    endloop
  endfacet
  facet normal 0.471396 0 0.881921
    outer loop
      vertex -0.888912 8.14826e-016 10.1696
      vertex -0.612293 -5 10.0218
      vertex -0.612293 7.81995e-016 10.0218
    endloop
  endfacet
  facet normal 0.471396 0 0.881921
    outer loop
      vertex -0.612293 -5 10.0218
      vertex -0.888912 8.14826e-016 10.1696
      vertex -0.888912 -5 10.1696
    endloop
  endfacet
  facet normal 0.773011 -0 0.634393
    outer loop
      vertex -1.33035 -5 10.6111
      vertex -1.13137 8.59008e-016 10.3686
      vertex -1.33035 9.12845e-016 10.6111
    endloop
  endfacet
  facet normal 0.773011 0 0.634393
    outer loop
      vertex -1.13137 8.59008e-016 10.3686
      vertex -1.33035 -5 10.6111
      vertex -1.13137 -5 10.3686
    endloop
  endfacet
  facet normal 0.95694 -0 0.290285
    outer loop
      vertex -1.56926 -5 11.1879
      vertex -1.47821 9.74266e-016 10.8877
      vertex -1.56926 1.04091e-015 11.1879
    endloop
  endfacet
  facet normal 0.95694 0 0.290285
    outer loop
      vertex -1.47821 9.74266e-016 10.8877
      vertex -1.56926 -5 11.1879
      vertex -1.47821 -5 10.8877
    endloop
  endfacet
  facet normal 0.634393 0 0.773011
    outer loop
      vertex -1.13137 8.59008e-016 10.3686
      vertex -0.888912 -5 10.1696
      vertex -0.888912 8.14826e-016 10.1696
    endloop
  endfacet
  facet normal 0.634393 0 0.773011
    outer loop
      vertex -0.888912 -5 10.1696
      vertex -1.13137 8.59008e-016 10.3686
      vertex -1.13137 -5 10.3686
    endloop
  endfacet
  facet normal 0.995185 0 -0.0980174
    outer loop
      vertex -1.56926 -5 11.8121
      vertex -1.6 1.11022e-015 11.5
      vertex -1.56926 1.17953e-015 11.8121
    endloop
  endfacet
  facet normal 0.995185 0 -0.0980174
    outer loop
      vertex -1.6 1.11022e-015 11.5
      vertex -1.56926 -5 11.8121
      vertex -1.6 -5 11.5
    endloop
  endfacet
  facet normal 0.290285 0 0.95694
    outer loop
      vertex -0.612293 7.81995e-016 10.0218
      vertex -0.312144 -5 9.93074
      vertex -0.312144 7.61778e-016 9.93074
    endloop
  endfacet
  facet normal 0.290285 0 0.95694
    outer loop
      vertex -0.312144 -5 9.93074
      vertex -0.612293 7.81995e-016 10.0218
      vertex -0.612293 -5 10.0218
    endloop
  endfacet
  facet normal 0.881921 -0 0.471396
    outer loop
      vertex -1.47821 -5 10.8877
      vertex -1.33035 9.12845e-016 10.6111
      vertex -1.47821 9.74266e-016 10.8877
    endloop
  endfacet
  facet normal 0.881921 0 0.471396
    outer loop
      vertex -1.33035 9.12845e-016 10.6111
      vertex -1.47821 -5 10.8877
      vertex -1.33035 -5 10.6111
    endloop
  endfacet
  facet normal -0.995185 0 -0.0980144
    outer loop
      vertex 41.6 -5 11.5
      vertex 41.5693 1.17953e-015 11.8121
      vertex 41.6 1.11022e-015 11.5
    endloop
  endfacet
  facet normal -0.995185 -0 -0.0980144
    outer loop
      vertex 41.5693 1.17953e-015 11.8121
      vertex 41.6 -5 11.5
      vertex 41.5693 -5 11.8121
    endloop
  endfacet
  facet normal -0.634393 0 -0.773011
    outer loop
      vertex 40.8889 -5 12.8304
      vertex 41.1314 1.36144e-015 12.6314
      vertex 41.1314 -5 12.6314
    endloop
  endfacet
  facet normal -0.634393 0 -0.773011
    outer loop
      vertex 41.1314 1.36144e-015 12.6314
      vertex 40.8889 -5 12.8304
      vertex 40.8889 1.40562e-015 12.8304
    endloop
  endfacet
  facet normal -0.773008 0 0.634397
    outer loop
      vertex 41.1314 -5 10.3686
      vertex 41.3304 9.12845e-016 10.6111
      vertex 41.1314 8.59008e-016 10.3686
    endloop
  endfacet
  facet normal -0.773008 0 0.634397
    outer loop
      vertex 41.3304 9.12845e-016 10.6111
      vertex 41.1314 -5 10.3686
      vertex 41.3304 -5 10.6111
    endloop
  endfacet
  facet normal -0.881924 0 -0.471392
    outer loop
      vertex 41.4782 -5 12.1123
      vertex 41.3304 1.3076e-015 12.3889
      vertex 41.4782 1.24618e-015 12.1123
    endloop
  endfacet
  facet normal -0.881924 -0 -0.471392
    outer loop
      vertex 41.3304 1.3076e-015 12.3889
      vertex 41.4782 -5 12.1123
      vertex 41.3304 -5 12.3889
    endloop
  endfacet
  facet normal -0.95694 0 -0.290285
    outer loop
      vertex 41.5693 -5 11.8121
      vertex 41.4782 1.24618e-015 12.1123
      vertex 41.5693 1.17953e-015 11.8121
    endloop
  endfacet
  facet normal -0.95694 -0 -0.290285
    outer loop
      vertex 41.4782 1.24618e-015 12.1123
      vertex 41.5693 -5 11.8121
      vertex 41.4782 -5 12.1123
    endloop
  endfacet
  facet normal -0.773008 0 -0.634397
    outer loop
      vertex 41.3304 -5 12.3889
      vertex 41.1314 1.36144e-015 12.6314
      vertex 41.3304 1.3076e-015 12.3889
    endloop
  endfacet
  facet normal -0.773008 -0 -0.634397
    outer loop
      vertex 41.1314 1.36144e-015 12.6314
      vertex 41.3304 -5 12.3889
      vertex 41.1314 -5 12.6314
    endloop
  endfacet
  facet normal -0.290286 0 -0.95694
    outer loop
      vertex 40.3121 -5 13.0693
      vertex 40.6123 1.43845e-015 12.9782
      vertex 40.6123 -5 12.9782
    endloop
  endfacet
  facet normal -0.290286 0 -0.95694
    outer loop
      vertex 40.6123 1.43845e-015 12.9782
      vertex 40.3121 -5 13.0693
      vertex 40.3121 1.45867e-015 13.0693
    endloop
  endfacet
  facet normal -0.0980171 0 -0.995185
    outer loop
      vertex 40 -5 13.1
      vertex 40.3121 1.45867e-015 13.0693
      vertex 40.3121 -5 13.0693
    endloop
  endfacet
  facet normal -0.0980171 0 -0.995185
    outer loop
      vertex 40.3121 1.45867e-015 13.0693
      vertex 40 -5 13.1
      vertex 40 1.46549e-015 13.1
    endloop
  endfacet
  facet normal -0.471396 0 -0.881921
    outer loop
      vertex 40.6123 -5 12.9782
      vertex 40.8889 1.40562e-015 12.8304
      vertex 40.8889 -5 12.8304
    endloop
  endfacet
  facet normal -0.471396 0 -0.881921
    outer loop
      vertex 40.8889 1.40562e-015 12.8304
      vertex 40.6123 -5 12.9782
      vertex 40.6123 1.43845e-015 12.9782
    endloop
  endfacet
  facet normal -0.995185 0 0.0980141
    outer loop
      vertex 41.5693 -5 11.1879
      vertex 41.6 1.11022e-015 11.5
      vertex 41.5693 1.04091e-015 11.1879
    endloop
  endfacet
  facet normal -0.995185 0 0.0980141
    outer loop
      vertex 41.6 1.11022e-015 11.5
      vertex 41.5693 -5 11.1879
      vertex 41.6 -5 11.5
    endloop
  endfacet
  facet normal -0.290286 0 0.95694
    outer loop
      vertex 40.3121 7.61778e-016 9.93074
      vertex 40.6123 -5 10.0218
      vertex 40.6123 7.81995e-016 10.0218
    endloop
  endfacet
  facet normal -0.290286 0 0.95694
    outer loop
      vertex 40.6123 -5 10.0218
      vertex 40.3121 7.61778e-016 9.93074
      vertex 40.3121 -5 9.93074
    endloop
  endfacet
  facet normal -0.634393 0 0.773011
    outer loop
      vertex 40.8889 8.14826e-016 10.1696
      vertex 41.1314 -5 10.3686
      vertex 41.1314 8.59008e-016 10.3686
    endloop
  endfacet
  facet normal -0.634393 0 0.773011
    outer loop
      vertex 41.1314 -5 10.3686
      vertex 40.8889 8.14826e-016 10.1696
      vertex 40.8889 -5 10.1696
    endloop
  endfacet
  facet normal -0.471396 0 0.881921
    outer loop
      vertex 40.6123 7.81995e-016 10.0218
      vertex 40.8889 -5 10.1696
      vertex 40.8889 8.14826e-016 10.1696
    endloop
  endfacet
  facet normal -0.471396 0 0.881921
    outer loop
      vertex 40.8889 -5 10.1696
      vertex 40.6123 7.81995e-016 10.0218
      vertex 40.6123 -5 10.0218
    endloop
  endfacet
  facet normal -0.95694 0 0.290285
    outer loop
      vertex 41.4782 -5 10.8877
      vertex 41.5693 1.04091e-015 11.1879
      vertex 41.4782 9.74266e-016 10.8877
    endloop
  endfacet
  facet normal -0.95694 0 0.290285
    outer loop
      vertex 41.5693 1.04091e-015 11.1879
      vertex 41.4782 -5 10.8877
      vertex 41.5693 -5 11.1879
    endloop
  endfacet
  facet normal -0.881924 0 0.471392
    outer loop
      vertex 41.3304 -5 10.6111
      vertex 41.4782 9.74266e-016 10.8877
      vertex 41.3304 9.12845e-016 10.6111
    endloop
  endfacet
  facet normal -0.881924 0 0.471392
    outer loop
      vertex 41.4782 9.74266e-016 10.8877
      vertex 41.3304 -5 10.6111
      vertex 41.4782 -5 10.8877
    endloop
  endfacet
  facet normal -0.0980171 0 0.995185
    outer loop
      vertex 40 7.54952e-016 9.9
      vertex 40.3121 -5 9.93074
      vertex 40.3121 7.61778e-016 9.93074
    endloop
  endfacet
  facet normal -0.0980171 0 0.995185
    outer loop
      vertex 40.3121 -5 9.93074
      vertex 40 7.54952e-016 9.9
      vertex 40 -5 9.9
    endloop
  endfacet
endsolid OpenSCAD_Model
